{
    "parent": "item/generated",
    "textures": {
        "layer0": "item/histerite_stick"
		},
	
	"display": {
		"thirdperson_righthand": {
			"rotation": [35, 90, 0],
			"translation": [0, 5, 1.5],
			"scale": [0.8, 0.8, 0.8]
		},
		"thirdperson_lefthand": {
			"rotation": [35, -90, 0],
			"translation": [0, 5, 1.5],
			"scale": [0.8, 0.8, 0.8]
		},
		"firstperson_righthand": {
			"rotation": [0, -90, 25],
			"translation": [1.5, 3, 0.75],
			"scale": [0.7, 0.7, 0.7]
		},
		"firstperson_lefthand": {
			"rotation": [0, 90, -25],
			"translation": [1.5, 3, 0.75],
			"scale": [0.7, 0.7, 0.7]
		},
		"ground": {
			"rotation": [180, 0, -90],
			"translation": [0, 1.25, 0],
			"scale": [0.5, 0.5, 0.5]
		}
	}
}

//Textured by Ichabodt