{
    "parent": "item/generated",
    "textures": {
        "layer0": "item/nocturite_key"
   	},
	
	"display": {
		"thirdperson_righthand": {
			"rotation": [115, 65, 0],
			"translation": [0, 0, -1.5],
			"scale": [0.5, 0.5, 0.5]
		},
		"thirdperson_lefthand": {
			"rotation": [115, -115, 0],
			"translation": [0, 0, -1.5],
			"scale": [0.5, 0.5, 0.5]
		},
		"firstperson_righthand": {
			"rotation": [25, 110, 60],
			"translation": [1, 3.5, 1.13],
			"scale": [0.5, 0.5, 0.5]
		},
		"firstperson_lefthand": {
			"rotation": [25, -70, -60],
			"translation": [1, 3.5, 1.13],
			"scale": [0.5, 0.5, 0.5]
		},
		"ground": {
			"rotation": [0 , 90, 0],
			"translation": [0, 1.5, 0],
			"scale": [0.5, 0.5, 0.5]
		}
	}
}

//Textured by Ichabodt