{
    "textures": {
    "texture": "item/cobble_compress"
	},
"elements": [
		{
		"from": [2, 2, 2],
		"to": [14, 14, 14],
		"rotation": {"angle": 0, "axis": "y", "origin": [10, 10, 10]},
		"faces": {
			"north": {"uv": [2, 2, 14, 14], "texture": "#texture"},
			"east": {"uv": [2, 2, 14, 14], "texture": "#texture"},
			"south": {"uv": [2, 2, 14, 14], "texture": "#texture"},
			"west": {"uv": [2, 2, 14, 14], "texture": "#texture"},
			"up": {"uv": [2, 2, 14, 14], "texture": "#texture"},
			"down": {"uv": [2, 2, 14, 14], "texture": "#texture"}
			}
		}
	],
	"display": {
		"thirdperson_righthand": {
			"rotation": [-125, -45, 0],
			"translation": [-1, 1.25, -0.5],
			"scale": [0.3, 0.3, 0.3]
		},
		"thirdperson_lefthand": {
			"rotation": [-125, -45, 0],
			"translation": [-1, 1.25, -0.5],
			"scale": [0.3, 0.3, 0.3]
		},
		"firstperson_righthand": {
			"rotation": [0, 25, 0],
			"translation": [1, -0.25, 0],
			"scale": [0.4, 0.4, 0.4]
		},
		"firstperson_lefthand": {
			"rotation": [0, 25, 0],
			"translation": [1, -0.25, 0],
			"scale": [0.4, 0.4, 0.4]
		},
		"ground": {
			"translation": [0, 1.25, 0],
			"scale": [0.3, 0.3, 0.3]
		},
		"gui": {
			"rotation": [25, 45, 0],
			"scale": [0.7, 0.7, 0.7]
		},
		"fixed": {
			"translation": [0, 0, 1.25],
			"scale": [0.5, 0.5, 0.5]
		}
	}
}

//Textured by Ichabodt