{
	"credit": "Made with Blockbench",
	"texture_size": [64, 64],
	"textures": {
		"2": "block/drill/drill",
		"3": "block/drill/core",
		"5": "block/drill/metal_ring",
		"6": "block/drill/metal_frame",
		"particle": "block/netherite_block"
	},
	"elements": [
		{
			"from": [7.25, 2.25, 19.25],
			"to": [8.75, 11.5, 20.75],
			"rotation": {"angle": -22.5, "axis": "x", "origin": [8, 11.5, 20]},
			"faces": {
				"north": {"uv": [12.3125, 11.375, 12.6875, 13.6875], "texture": "#5"},
				"east": {"uv": [9.3125, 11.375, 9.6875, 13.6875], "texture": "#5"},
				"south": {"uv": [0.3125, 11.375, 0.6875, 13.6875], "texture": "#5"},
				"west": {"uv": [3.3125, 11.375, 3.6875, 13.6875], "texture": "#5"},
				"up": {"uv": [0.3125, 3.0625, 0.6875, 3.4375], "texture": "#5"},
				"down": {"uv": [0.3125, 9.0625, 0.6875, 9.4375], "texture": "#5"}
			}
		},
		{
			"from": [7, 1.75, 22.25],
			"to": [9, 3.75, 24.25],
			"rotation": {"angle": 0, "axis": "y", "origin": [0.25, 0, 5.5]},
			"faces": {
				"north": {"uv": [9.5, 5.75, 10.25, 6.5], "texture": "#5"},
				"east": {"uv": [9.5, 5.75, 10.25, 6.5], "texture": "#5"},
				"south": {"uv": [9.5, 5.75, 10.25, 6.5], "texture": "#5"},
				"west": {"uv": [9.5, 5.75, 10.25, 6.5], "texture": "#5"},
				"up": {"uv": [9.5, 5.75, 10.25, 6.5], "texture": "#5"},
				"down": {"uv": [9.5, 5.75, 10.25, 6.5], "texture": "#5"}
			}
		},
		{
			"from": [7.25, -5.25, 22.5],
			"to": [8.75, 2.75, 24],
			"rotation": {"angle": 0, "axis": "y", "origin": [0.25, 0, 5.5]},
			"faces": {
				"north": {"uv": [12.3125, 13.5625, 12.6875, 15.5625], "texture": "#5"},
				"east": {"uv": [8.5, 13.5625, 8.875, 15.5625], "texture": "#5"},
				"south": {"uv": [0.3125, 13.5625, 0.6875, 15.5625], "texture": "#5"},
				"west": {"uv": [4.125, 13.5625, 4.5, 15.5625], "texture": "#5"},
				"up": {"uv": [0.3125, 3.875, 0.6875, 4.25], "texture": "#5"},
				"down": {"uv": [0.3125, 8.25, 0.6875, 8.625], "texture": "#5"}
			}
		},
		{
			"from": [7.5, 10, 16],
			"to": [8.5, 11, 20.5],
			"rotation": {"angle": -22.5, "axis": "x", "origin": [8, 10.5, 20.5]},
			"faces": {
				"north": {"uv": [12.375, 11.5, 12.625, 11.75], "texture": "#5"},
				"east": {"uv": [9.375, 11.5, 10.5, 11.75], "texture": "#5"},
				"south": {"uv": [0.375, 11.5, 0.625, 11.75], "texture": "#5"},
				"west": {"uv": [2.5, 11.5, 3.625, 11.75], "texture": "#5"},
				"up": {"uv": [0.375, 2.25, 0.625, 3.375], "texture": "#5"},
				"down": {"uv": [0.375, 9.125, 0.625, 10.25], "texture": "#5"}
			}
		},
		{
			"from": [19.25, 2.25, 7.25],
			"to": [20.75, 11.5, 8.75],
			"rotation": {"angle": 22.5, "axis": "z", "origin": [20, 11.5, 8]},
			"faces": {
				"north": {"uv": [9.0625, 11.375, 9.4375, 13.6875], "texture": "#5"},
				"east": {"uv": [12.0625, 11.375, 12.4375, 13.6875], "texture": "#5"},
				"south": {"uv": [3.0625, 11.375, 3.4375, 13.6875], "texture": "#5"},
				"west": {"uv": [0.0625, 11.375, 0.4375, 13.6875], "texture": "#5"},
				"up": {"uv": [3.0625, 0.0625, 3.4375, 0.4375], "texture": "#5"},
				"down": {"uv": [3.0625, 12.0625, 3.4375, 12.4375], "texture": "#5"}
			}
		},
		{
			"from": [22.25, 1.75, 7],
			"to": [24.25, 3.75, 9],
			"rotation": {"angle": 0, "axis": "y", "origin": [-0.75, 0, 5.5]},
			"faces": {
				"north": {"uv": [9.5, 5.75, 10.25, 6.5], "texture": "#5"},
				"east": {"uv": [9.5, 5.75, 10.25, 6.5], "texture": "#5"},
				"south": {"uv": [9.5, 5.75, 10.25, 6.5], "texture": "#5"},
				"west": {"uv": [9.5, 5.75, 10.25, 6.5], "texture": "#5"},
				"up": {"uv": [9.5, 5.75, 10.25, 6.5], "texture": "#5"},
				"down": {"uv": [9.5, 5.75, 10.25, 6.5], "texture": "#5"}
			}
		},
		{
			"from": [22.5, -5.25, 7.25],
			"to": [24, 2.75, 8.75],
			"rotation": {"angle": 0, "axis": "y", "origin": [-0.75, 0, 5.5]},
			"faces": {
				"north": {"uv": [8.25, 13.5625, 8.625, 15.5625], "texture": "#5"},
				"east": {"uv": [12.0625, 13.5625, 12.4375, 15.5625], "texture": "#5"},
				"south": {"uv": [3.875, 13.5625, 4.25, 15.5625], "texture": "#5"},
				"west": {"uv": [0.0625, 13.5625, 0.4375, 15.5625], "texture": "#5"},
				"up": {"uv": [3.875, 0.0625, 4.25, 0.4375], "texture": "#5"},
				"down": {"uv": [3.875, 12.0625, 4.25, 12.4375], "texture": "#5"}
			}
		},
		{
			"from": [16, 10, 7.5],
			"to": [20.5, 11, 8.5],
			"rotation": {"angle": 22.5, "axis": "z", "origin": [20.5, 10.5, 8]},
			"faces": {
				"north": {"uv": [9.125, 11.5, 10.25, 11.75], "texture": "#5"},
				"east": {"uv": [12.125, 11.5, 12.375, 11.75], "texture": "#5"},
				"south": {"uv": [2.25, 11.5, 3.375, 11.75], "texture": "#5"},
				"west": {"uv": [0.125, 11.5, 0.375, 11.75], "texture": "#5"},
				"up": {"uv": [2.25, 0.125, 3.375, 0.375], "texture": "#5"},
				"down": {"uv": [2.25, 12.125, 3.375, 12.375], "texture": "#5"}
			}
		},
		{
			"from": [-4.75, 2.25, 7.25],
			"to": [-3.25, 11.5, 8.75],
			"rotation": {"angle": -22.5, "axis": "z", "origin": [-4, 11.5, 8]},
			"faces": {
				"north": {"uv": [14.5, 11.625, 14.875, 13.9375], "texture": "#5"},
				"east": {"uv": [12.3125, 11.625, 12.6875, 13.9375], "texture": "#5"},
				"south": {"uv": [0, 11.375, 0.375, 13.6875], "texture": "#5"},
				"west": {"uv": [1.8125, 11.375, 2.1875, 13.6875], "texture": "#5"},
				"up": {"uv": [0, 0.0625, 0.375, 0.4375], "texture": "#5"},
				"down": {"uv": [0, 12.0625, 0.375, 12.4375], "texture": "#5"}
			}
		},
		{
			"from": [-8.25, 1.75, 7],
			"to": [-6.25, 3.75, 9],
			"rotation": {"angle": 0, "axis": "y", "origin": [8, 0, 5.5]},
			"faces": {
				"north": {"uv": [9.5, 5.75, 10.25, 6.5], "texture": "#5"},
				"east": {"uv": [9.5, 5.75, 10.25, 6.5], "texture": "#5"},
				"south": {"uv": [9.5, 5.75, 10.25, 6.5], "texture": "#5"},
				"west": {"uv": [9.5, 5.75, 10.25, 6.5], "texture": "#5"},
				"up": {"uv": [9.5, 5.75, 10.25, 6.5], "texture": "#5"},
				"down": {"uv": [9.5, 5.75, 10.25, 6.5], "texture": "#5"}
			}
		},
		{
			"from": [-8, -5.25, 7.25],
			"to": [-6.5, 2.75, 8.75],
			"rotation": {"angle": 0, "axis": "y", "origin": [8, 0, 5.5]},
			"faces": {
				"north": {"uv": [14.5, 13.8125, 14.875, 15.8125], "texture": "#5"},
				"east": {"uv": [12.3125, 13.8125, 12.6875, 15.8125], "texture": "#5"},
				"south": {"uv": [0, 13.5625, 0.375, 15.5625], "texture": "#5"},
				"west": {"uv": [1.8125, 13.5625, 2.1875, 15.5625], "texture": "#5"},
				"up": {"uv": [0, 0.0625, 0.375, 0.4375], "texture": "#5"},
				"down": {"uv": [0, 12.0625, 0.375, 12.4375], "texture": "#5"}
			}
		},
		{
			"from": [-4.5, 10, 7.5],
			"to": [0, 11, 8.5],
			"rotation": {"angle": -22.5, "axis": "z", "origin": [-4.5, 10.5, 8]},
			"faces": {
				"north": {"uv": [14.5, 11.75, 15.625, 12], "texture": "#5"},
				"east": {"uv": [12.375, 11.75, 12.625, 12], "texture": "#5"},
				"south": {"uv": [0, 11.5, 1.125, 11.75], "texture": "#5"},
				"west": {"uv": [1.875, 11.5, 2.125, 11.75], "texture": "#5"},
				"up": {"uv": [0, 0.125, 1.125, 0.375], "texture": "#5"},
				"down": {"uv": [0, 12.125, 1.125, 12.375], "texture": "#5"}
			}
		},
		{
			"from": [7.25, 2.25, -4.75],
			"to": [8.75, 11.5, -3.25],
			"rotation": {"angle": 22.5, "axis": "x", "origin": [8, 11.5, -4]},
			"faces": {
				"north": {"uv": [13.3125, 11.5, 13.6875, 13.8125], "texture": "#5"},
				"east": {"uv": [15.375, 11.5, 15.75, 13.8125], "texture": "#5"},
				"south": {"uv": [1.8125, 11.75, 2.1875, 14.0625], "texture": "#5"},
				"west": {"uv": [0, 11.75, 0.375, 14.0625], "texture": "#5"},
				"up": {"uv": [1.8125, 0.25, 2.1875, 0.625], "texture": "#5"},
				"down": {"uv": [1.8125, 14.625, 2.1875, 15], "texture": "#5"}
			}
		},
		{
			"from": [7, 1.75, -8.25],
			"to": [9, 3.75, -6.25],
			"rotation": {"angle": 0, "axis": "y", "origin": [0.25, 0, 7.5]},
			"faces": {
				"north": {"uv": [9.5, 5.75, 10.25, 6.5], "texture": "#5"},
				"east": {"uv": [9.5, 5.75, 10.25, 6.5], "texture": "#5"},
				"south": {"uv": [9.5, 5.75, 10.25, 6.5], "texture": "#5"},
				"west": {"uv": [9.5, 5.75, 10.25, 6.5], "texture": "#5"},
				"up": {"uv": [9.5, 5.75, 10.25, 6.5], "texture": "#5"},
				"down": {"uv": [9.5, 5.75, 10.25, 6.5], "texture": "#5"}
			}
		},
		{
			"from": [7.25, -5.25, -8],
			"to": [8.75, 2.75, -6.5],
			"rotation": {"angle": 0, "axis": "y", "origin": [0.25, 0, 7.5]},
			"faces": {
				"north": {"uv": [13.3125, 13.6875, 13.6875, 15.6875], "texture": "#5"},
				"east": {"uv": [15.375, 13.6875, 15.75, 15.6875], "texture": "#5"},
				"south": {"uv": [1.8125, 13.9375, 2.1875, 15.9375], "texture": "#5"},
				"west": {"uv": [0, 13.9375, 0.375, 15.9375], "texture": "#5"},
				"up": {"uv": [1.8125, 0.25, 2.1875, 0.625], "texture": "#5"},
				"down": {"uv": [1.8125, 14.625, 2.1875, 15], "texture": "#5"}
			}
		},
		{
			"from": [7.5, 10, -4.5],
			"to": [8.5, 11, 0],
			"rotation": {"angle": 22.5, "axis": "x", "origin": [8, 10.5, -4.5]},
			"faces": {
				"north": {"uv": [13.375, 11.625, 13.625, 11.875], "texture": "#5"},
				"east": {"uv": [14.625, 11.625, 15.75, 11.875], "texture": "#5"},
				"south": {"uv": [1.875, 11.875, 2.125, 12.125], "texture": "#5"},
				"west": {"uv": [0, 11.875, 1.125, 12.125], "texture": "#5"},
				"up": {"uv": [1.875, 0.25, 2.125, 1.375], "texture": "#5"},
				"down": {"uv": [1.875, 14.625, 2.125, 15.75], "texture": "#5"}
			}
		},
		{
			"from": [6.75, 0, 6.75],
			"to": [9.25, 0.5, 9.25],
			"faces": {
				"north": {"uv": [12, 15, 16, 16], "texture": "#2"},
				"east": {"uv": [8, 15, 12, 16], "texture": "#2"},
				"south": {"uv": [4, 15, 8, 16], "texture": "#2"},
				"west": {"uv": [0, 15, 4, 16], "texture": "#2"},
				"up": {"uv": [5, 14.5, 6, 13.5], "texture": "#2"},
				"down": {"uv": [5, 14.5, 6, 13.5], "texture": "#2"}
			}
		},
		{
			"from": [7.5, -0.5, 7.5],
			"to": [8.5, 0, 8.5],
			"faces": {
				"north": {"uv": [11.5, 15, 12.5, 16], "texture": "#2"},
				"east": {"uv": [11.5, 15, 12.5, 16], "texture": "#2"},
				"south": {"uv": [11.5, 15, 12.5, 16], "texture": "#2"},
				"west": {"uv": [11.5, 15, 12.5, 16], "texture": "#2"},
				"up": {"uv": [11.5, 14.5, 12.5, 15.5], "texture": "#2"},
				"down": {"uv": [11.5, 14.5, 12.5, 15.5], "texture": "#2"}
			}
		},
		{
			"from": [6.25, 0.5, 6.25],
			"to": [9.75, 1, 9.75],
			"faces": {
				"north": {"uv": [12, 14.5, 16, 15.5], "texture": "#2"},
				"east": {"uv": [8, 14.5, 12, 15.5], "texture": "#2"},
				"south": {"uv": [4, 14.5, 8, 15.5], "texture": "#2"},
				"west": {"uv": [0, 14.5, 4, 15.5], "texture": "#2"},
				"up": {"uv": [0, 13.5, 1, 12.5], "texture": "#2"},
				"down": {"uv": [0, 13.5, 1, 12.5], "texture": "#2"}
			}
		},
		{
			"from": [5.75, 1, 5.75],
			"to": [10.25, 1.75, 10.25],
			"faces": {
				"north": {"uv": [12, 13, 16, 14.5], "texture": "#2"},
				"east": {"uv": [8, 13, 12, 14.5], "texture": "#2"},
				"south": {"uv": [4, 13, 8, 14.5], "texture": "#2"},
				"west": {"uv": [0, 13, 4, 14.5], "texture": "#2"},
				"up": {"uv": [0, 11, 1, 10], "texture": "#2"},
				"down": {"uv": [0, 11, 1, 10], "texture": "#2"}
			}
		},
		{
			"from": [5.25, 1.75, 5.25],
			"to": [10.75, 2.75, 10.75],
			"faces": {
				"north": {"uv": [12, 11, 16, 13], "texture": "#2"},
				"east": {"uv": [8, 11, 12, 13], "texture": "#2"},
				"south": {"uv": [4, 11, 8, 13], "texture": "#2"},
				"west": {"uv": [0, 11, 4, 13], "texture": "#2"},
				"up": {"uv": [0, 11, 1, 10], "texture": "#2"},
				"down": {"uv": [0, 11, 1, 10], "texture": "#2"}
			}
		},
		{
			"from": [4.75, 2.75, 4.75],
			"to": [11.25, 4.75, 11.25],
			"faces": {
				"north": {"uv": [12, 7, 16, 11], "texture": "#2"},
				"east": {"uv": [8, 7, 12, 11], "texture": "#2"},
				"south": {"uv": [4, 7, 8, 11], "texture": "#2"},
				"west": {"uv": [0, 7, 4, 11], "texture": "#2"},
				"up": {"uv": [0, 7, 1, 8], "texture": "#2"},
				"down": {"uv": [0, 7, 1, 8], "texture": "#2"}
			}
		},
		{
			"from": [4.25, 4.75, 4.25],
			"to": [11.75, 7.25, 11.75],
			"faces": {
				"north": {"uv": [12, 2, 16, 7], "texture": "#2"},
				"east": {"uv": [8, 2, 12, 7], "texture": "#2"},
				"south": {"uv": [4, 2, 8, 7], "texture": "#2"},
				"west": {"uv": [0, 2, 4, 7], "texture": "#2"},
				"up": {"uv": [0, 2, 1, 3], "texture": "#2"},
				"down": {"uv": [0, 2, 1, 3], "texture": "#2"}
			}
		},
		{
			"from": [3.75, 7.25, 3.75],
			"to": [12.25, 8.25, 12.25],
			"faces": {
				"north": {"uv": [12, 0, 16, 2], "texture": "#2"},
				"east": {"uv": [8, 0, 12, 2], "texture": "#2"},
				"south": {"uv": [4, 0, 8, 2], "texture": "#2"},
				"west": {"uv": [0, 0, 4, 2], "texture": "#2"},
				"up": {"uv": [0, 0, 1, 1], "texture": "#2"},
				"down": {"uv": [0, 0, 1, 1], "texture": "#2"}
			}
		},
		{
			"from": [4.25, 3.75, 6],
			"to": [6.75, 4.75, 10],
			"rotation": {"angle": 0, "axis": "y", "origin": [0, -0.25, 0]},
			"faces": {
				"north": {"uv": [0, 7, 0.5, 9], "texture": "#2"},
				"east": {"uv": [0, 7, 4, 9], "texture": "#2"},
				"south": {"uv": [3.5, 7, 4, 9], "texture": "#2"},
				"west": {"uv": [0, 7, 4, 9], "texture": "#2"},
				"up": {"uv": [0, 7, 4, 7.5], "texture": "#2"},
				"down": {"uv": [0, 8.5, 4, 9], "texture": "#2"}
			}
		},
		{
			"from": [9.25, 3.75, 6],
			"to": [11.75, 4.75, 10],
			"rotation": {"angle": 0, "axis": "y", "origin": [0, -0.25, 0]},
			"faces": {
				"north": {"uv": [11.5, 7, 12, 9], "texture": "#2"},
				"east": {"uv": [8, 7, 12, 9], "texture": "#2"},
				"south": {"uv": [8, 7, 8.5, 9], "texture": "#2"},
				"west": {"uv": [8, 7, 12, 9], "texture": "#2"},
				"up": {"uv": [8, 7, 12, 7.5], "rotation": 90, "texture": "#2"},
				"down": {"uv": [8, 8.5, 12, 9], "rotation": 90, "texture": "#2"}
			}
		},
		{
			"from": [9.75, 6.5, 5.25],
			"to": [12.25, 7.25, 10.75],
			"rotation": {"angle": 0, "axis": "y", "origin": [0, -0.25, 0]},
			"faces": {
				"north": {"uv": [11.5, 2, 12, 3.5], "texture": "#2"},
				"east": {"uv": [8, 2, 12, 3.5], "texture": "#2"},
				"south": {"uv": [8, 2, 8.5, 3.5], "texture": "#2"},
				"west": {"uv": [8, 2, 12, 3.5], "texture": "#2"},
				"up": {"uv": [8, 2, 12, 2.5], "texture": "#2"},
				"down": {"uv": [8, 3, 12, 3.5], "rotation": 90, "texture": "#2"}
			}
		},
		{
			"from": [3.75, 6.5, 5.25],
			"to": [6.25, 7.25, 10.75],
			"rotation": {"angle": 0, "axis": "y", "origin": [0, -0.25, 0]},
			"faces": {
				"north": {"uv": [0, 2, 0.5, 3.5], "texture": "#2"},
				"east": {"uv": [0, 2, 4, 3.5], "texture": "#2"},
				"south": {"uv": [3.5, 2, 4, 3.5], "texture": "#2"},
				"west": {"uv": [0, 2, 4, 3.5], "texture": "#2"},
				"up": {"uv": [0, 2, 4, 2.5], "texture": "#2"},
				"down": {"uv": [0, 3, 4, 3.5], "rotation": 90, "texture": "#2"}
			}
		},
		{
			"from": [5.25, 6.5, 3.75],
			"to": [10.75, 7.25, 6.25],
			"rotation": {"angle": 0, "axis": "y", "origin": [0, -0.25, 0]},
			"faces": {
				"north": {"uv": [12, 2, 16, 3.5], "texture": "#2"},
				"east": {"uv": [12, 2, 12.5, 3.5], "texture": "#2"},
				"south": {"uv": [12, 2, 16, 3.5], "texture": "#2"},
				"west": {"uv": [15.5, 2, 16, 3.5], "texture": "#2"},
				"up": {"uv": [12, 2, 16, 2.5], "texture": "#2"},
				"down": {"uv": [12, 3, 16, 3.5], "rotation": 180, "texture": "#2"}
			}
		},
		{
			"from": [5.25, 6.5, 9.75],
			"to": [10.75, 7.25, 12.25],
			"rotation": {"angle": 0, "axis": "y", "origin": [0, -0.25, 0]},
			"faces": {
				"north": {"uv": [4, 2, 8, 3.5], "texture": "#2"},
				"east": {"uv": [7.5, 2, 8, 3.5], "texture": "#2"},
				"south": {"uv": [4, 2, 8, 3.5], "texture": "#2"},
				"west": {"uv": [4, 2, 4.5, 3.5], "texture": "#2"},
				"up": {"uv": [4, 2, 8, 2.5], "texture": "#2"},
				"down": {"uv": [4, 3, 8, 3.5], "rotation": 180, "texture": "#2"}
			}
		},
		{
			"from": [6, 3.75, 4.25],
			"to": [10, 4.75, 6.75],
			"rotation": {"angle": 0, "axis": "y", "origin": [0, -0.25, 0]},
			"faces": {
				"north": {"uv": [12, 7, 16, 9], "texture": "#2"},
				"east": {"uv": [12, 7, 12.5, 9], "texture": "#2"},
				"south": {"uv": [12, 7, 16, 9], "texture": "#2"},
				"west": {"uv": [15.5, 7, 16, 9], "texture": "#2"},
				"up": {"uv": [12, 7, 16, 7.5], "texture": "#2"},
				"down": {"uv": [12, 8.5, 16, 9], "texture": "#2"}
			}
		},
		{
			"from": [6, 3.75, 9.25],
			"to": [10, 4.75, 11.75],
			"rotation": {"angle": 0, "axis": "y", "origin": [0, -0.25, 0]},
			"faces": {
				"north": {"uv": [4, 7, 8, 9], "texture": "#2"},
				"east": {"uv": [4, 6.5, 4.5, 8.5], "texture": "#2"},
				"south": {"uv": [4, 7, 8, 9], "texture": "#2"},
				"west": {"uv": [7.5, 7.5, 8, 9.5], "texture": "#2"},
				"up": {"uv": [4, 7, 8, 7.5], "texture": "#2"},
				"down": {"uv": [4, 8.5, 8, 9], "texture": "#2"}
			}
		},
		{
			"from": [-0.5, 8.25, -0.5],
			"to": [16.5, 10.75, 16.5],
			"faces": {
				"north": {"uv": [5.875, 5.25, 10.125, 5.875], "rotation": 180, "texture": "#5"},
				"east": {"uv": [10.125, 5.875, 10.75, 10.125], "rotation": 90, "texture": "#5"},
				"south": {"uv": [5.875, 10.125, 10.125, 10.75], "texture": "#5"},
				"west": {"uv": [5.25, 5.875, 5.875, 10.125], "rotation": 270, "texture": "#5"},
				"up": {"uv": [5.875, 5.875, 10.125, 10.125], "texture": "#5"},
				"down": {"uv": [10.125, 5.875, 5.875, 10.125], "rotation": 180, "texture": "#5"}
			}
		},
		{
			"from": [-1, 9, -1],
			"to": [17, 10, 17],
			"faces": {
				"north": {"uv": [5.75, 5.5, 10.25, 5.75], "rotation": 180, "texture": "#5"},
				"east": {"uv": [10.25, 5.75, 10.5, 10.25], "rotation": 90, "texture": "#5"},
				"south": {"uv": [5.75, 10.25, 10.25, 10.5], "texture": "#5"},
				"west": {"uv": [5.5, 5.75, 5.75, 10.25], "rotation": 270, "texture": "#5"},
				"up": {"uv": [5.75, 5.75, 10.25, 10.25], "texture": "#5"},
				"down": {"uv": [10.25, 5.75, 5.75, 10.25], "rotation": 180, "texture": "#5"}
			}
		},
		{
			"from": [-2.5, 8.25, 3],
			"to": [-0.5, 10.75, 13],
			"faces": {
				"north": {"uv": [4.875, 6.75, 5.375, 7.375], "rotation": 180, "texture": "#5"},
				"east": {"uv": [4.75, 6.75, 5.375, 9.25], "rotation": 90, "texture": "#5"},
				"south": {"uv": [4.875, 8.625, 5.375, 9.25], "texture": "#5"},
				"west": {"uv": [4.75, 6.75, 5.375, 9.25], "rotation": 270, "texture": "#5"},
				"up": {"uv": [5.375, 6.75, 5.875, 9.25], "texture": "#5"},
				"down": {"uv": [5.875, 6.75, 5.375, 9.25], "rotation": 180, "texture": "#5"}
			}
		},
		{
			"from": [16.5, 8.25, 3],
			"to": [18.5, 10.75, 13],
			"faces": {
				"north": {"uv": [10.625, 6.75, 11.125, 7.375], "rotation": 180, "texture": "#5"},
				"east": {"uv": [10.625, 6.75, 11.25, 9.25], "rotation": 90, "texture": "#5"},
				"south": {"uv": [10.625, 8.625, 11.125, 9.25], "texture": "#5"},
				"west": {"uv": [10.625, 6.75, 11.25, 9.25], "rotation": 270, "texture": "#5"},
				"up": {"uv": [10.125, 6.75, 10.625, 9.25], "texture": "#5"},
				"down": {"uv": [10.625, 6.75, 10.125, 9.25], "rotation": 180, "texture": "#5"}
			}
		},
		{
			"from": [17, 9, 2.5],
			"to": [19, 10, 13.5],
			"faces": {
				"north": {"uv": [11.625, 6.75, 12.125, 7], "rotation": 180, "texture": "#5"},
				"east": {"uv": [11.625, 6.75, 11.875, 9.5], "rotation": 90, "texture": "#5"},
				"south": {"uv": [11.625, 8.625, 12.125, 8.875], "texture": "#5"},
				"west": {"uv": [11.625, 6.75, 11.875, 9.5], "rotation": 270, "texture": "#5"},
				"up": {"uv": [11.125, 6.75, 11.625, 9.5], "texture": "#5"},
				"down": {"uv": [11.625, 6.75, 11.125, 9.5], "rotation": 180, "texture": "#5"}
			}
		},
		{
			"from": [-3, 9, 2.5],
			"to": [-1, 10, 13.5],
			"faces": {
				"north": {"uv": [3.875, 6.75, 4.375, 7], "rotation": 180, "texture": "#5"},
				"east": {"uv": [3.75, 6.75, 4, 9.5], "rotation": 90, "texture": "#5"},
				"south": {"uv": [3.875, 8.625, 4.375, 8.875], "texture": "#5"},
				"west": {"uv": [3.75, 6.75, 4, 9.5], "rotation": 270, "texture": "#5"},
				"up": {"uv": [4.375, 6.75, 4.875, 9.5], "texture": "#5"},
				"down": {"uv": [4.875, 6.75, 4.375, 9.5], "rotation": 180, "texture": "#5"}
			}
		},
		{
			"from": [3, 8.25, -2.5],
			"to": [13, 10.75, -0.5],
			"faces": {
				"north": {"uv": [6.75, 4.75, 9.25, 5.375], "rotation": 180, "texture": "#5"},
				"east": {"uv": [8.625, 4.75, 9.25, 5.25], "rotation": 90, "texture": "#5"},
				"south": {"uv": [6.75, 4.75, 9.25, 5.375], "texture": "#5"},
				"west": {"uv": [6.75, 4.75, 7.375, 5.25], "rotation": 270, "texture": "#5"},
				"up": {"uv": [6.75, 5.375, 9.25, 5.875], "texture": "#5"},
				"down": {"uv": [9.25, 5.375, 6.75, 5.875], "rotation": 180, "texture": "#5"}
			}
		},
		{
			"from": [3, 8.25, 16.5],
			"to": [13, 10.75, 18.5],
			"faces": {
				"north": {"uv": [6.75, 10.625, 9.25, 11.25], "rotation": 180, "texture": "#5"},
				"east": {"uv": [8.625, 10.625, 9.25, 11.125], "rotation": 90, "texture": "#5"},
				"south": {"uv": [6.75, 10.625, 9.25, 11.25], "texture": "#5"},
				"west": {"uv": [6.75, 10.625, 7.375, 11.125], "rotation": 270, "texture": "#5"},
				"up": {"uv": [6.75, 10.125, 9.25, 10.625], "texture": "#5"},
				"down": {"uv": [9.25, 10.125, 6.75, 10.625], "rotation": 180, "texture": "#5"}
			}
		},
		{
			"from": [2.5, 9, 17],
			"to": [13.5, 10, 19],
			"faces": {
				"north": {"uv": [6.75, 11.625, 9.5, 11.875], "rotation": 180, "texture": "#5"},
				"east": {"uv": [8.625, 11.625, 8.875, 12.125], "rotation": 90, "texture": "#5"},
				"south": {"uv": [6.75, 11.625, 9.5, 11.875], "texture": "#5"},
				"west": {"uv": [6.75, 11.625, 7, 12.125], "rotation": 270, "texture": "#5"},
				"up": {"uv": [6.75, 11.125, 9.5, 11.625], "texture": "#5"},
				"down": {"uv": [9.5, 11.125, 6.75, 11.625], "rotation": 180, "texture": "#5"}
			}
		},
		{
			"from": [2.5, 9, -3],
			"to": [13.5, 10, -1],
			"faces": {
				"north": {"uv": [6.75, 3.75, 9.25, 4.375], "rotation": 180, "texture": "#5"},
				"east": {"uv": [8.625, 3.75, 9.25, 4.25], "rotation": 90, "texture": "#5"},
				"south": {"uv": [6.75, 3.75, 9.25, 4.375], "texture": "#5"},
				"west": {"uv": [6.75, 3.75, 7.375, 4.25], "rotation": 270, "texture": "#5"},
				"up": {"uv": [6.75, 4.375, 9.25, 4.875], "texture": "#5"},
				"down": {"uv": [9.25, 4.375, 6.75, 4.875], "rotation": 180, "texture": "#5"}
			}
		},
		{
			"from": [2, 10.75, 2],
			"to": [14, 12.25, 14],
			"faces": {
				"north": {"uv": [8.5, 1.5, 11.5, 2], "texture": "#6"},
				"east": {"uv": [8.5, 2, 11.5, 2.5], "texture": "#6"},
				"south": {"uv": [8.5, 2.5, 11.5, 3], "texture": "#6"},
				"west": {"uv": [8.5, 3, 11.5, 3.5], "texture": "#6"},
				"up": {"uv": [3, 3, 0, 0], "texture": "#6"},
				"down": {"uv": [3, 3, 0, 6], "texture": "#6"}
			}
		},
		{
			"from": [3, 26.75, 3],
			"to": [13, 27.75, 13],
			"rotation": {"angle": 0, "axis": "y", "origin": [0.5, 0, 0.5]},
			"faces": {
				"north": {"uv": [10.5, 7.25, 13, 7.5], "texture": "#6"},
				"east": {"uv": [10.5, 7.5, 13, 7.75], "texture": "#6"},
				"south": {"uv": [10.5, 7.75, 13, 8], "texture": "#6"},
				"west": {"uv": [10.5, 8, 13, 8.25], "texture": "#6"},
				"up": {"uv": [5.5, 2.5, 3, 0], "texture": "#6"},
				"down": {"uv": [5.5, 2.5, 3, 5], "texture": "#6"}
			}
		},
		{
			"from": [4, 27.75, 4],
			"to": [12, 28.75, 12],
			"faces": {
				"north": {"uv": [10.5, 8.25, 12.5, 8.5], "texture": "#6"},
				"east": {"uv": [10.5, 8.5, 12.5, 8.75], "texture": "#6"},
				"south": {"uv": [10.5, 8.75, 12.5, 9], "texture": "#6"},
				"west": {"uv": [10.5, 9, 12.5, 9.25], "texture": "#6"},
				"up": {"uv": [5, 7, 3, 5], "texture": "#6"},
				"down": {"uv": [7, 5, 5, 7], "texture": "#6"}
			}
		},
		{
			"from": [2.4, 25.75, 6],
			"to": [4, 28.75, 10],
			"rotation": {"angle": 0, "axis": "y", "origin": [0, -2, 0]},
			"faces": {
				"north": {"uv": [10.5, 0, 11, 0.75], "texture": "#6"},
				"east": {"uv": [5.5, 4, 6.5, 4.75], "texture": "#6"},
				"south": {"uv": [10.5, 0, 11, 0.75], "texture": "#6"},
				"west": {"uv": [10, 0, 11, 0.75], "texture": "#6"},
				"up": {"uv": [10.5, 1, 10, 0], "texture": "#6"},
				"down": {"uv": [10.5, 0, 10, 1], "texture": "#6"}
			}
		},
		{
			"from": [12, 25.75, 6],
			"to": [13.6, 28.75, 10],
			"faces": {
				"north": {"uv": [10.5, 0.75, 11, 1.5], "texture": "#6"},
				"east": {"uv": [10, 0.75, 11, 1.5], "texture": "#6"},
				"south": {"uv": [10.5, 0.75, 11, 1.5], "texture": "#6"},
				"west": {"uv": [10, 0.75, 11, 1.5], "texture": "#6"},
				"up": {"uv": [10.5, 1.5, 10, 0.5], "texture": "#6"},
				"down": {"uv": [11, 0.5, 10.5, 1.5], "texture": "#6"}
			}
		},
		{
			"from": [6, 25.75, 2.4],
			"to": [10, 28.75, 4],
			"faces": {
				"north": {"uv": [10.5, 4.25, 11.5, 5], "texture": "#6"},
				"east": {"uv": [11, 4.25, 11.5, 5], "texture": "#6"},
				"south": {"uv": [10.5, 5, 11.5, 5.75], "texture": "#6"},
				"west": {"uv": [10.5, 4.25, 11, 5], "texture": "#6"},
				"up": {"uv": [11.5, 4.75, 10.5, 4.25], "texture": "#6"},
				"down": {"uv": [11.5, 5.25, 10.5, 5.75], "texture": "#6"}
			}
		},
		{
			"from": [6, 25.75, 12],
			"to": [10, 28.75, 13.6],
			"faces": {
				"north": {"uv": [7.25, 0.75, 8.25, 1.5], "texture": "#6"},
				"east": {"uv": [7.25, 0.75, 7.75, 1.5], "texture": "#6"},
				"south": {"uv": [7.25, 0.75, 8.25, 1.5], "texture": "#6"},
				"west": {"uv": [7.75, 0.75, 8.25, 1.5], "texture": "#6"},
				"up": {"uv": [8.25, 1.25, 7.25, 0.75], "texture": "#6"},
				"down": {"uv": [8.25, 1, 7.25, 1.5], "texture": "#6"}
			}
		},
		{
			"from": [5.25, 28.75, 5.25],
			"to": [10.75, 29.5, 10.75],
			"faces": {
				"north": {"uv": [11.5, 0.75, 13, 1], "texture": "#6"},
				"east": {"uv": [11.5, 2.25, 13, 2.5], "texture": "#6"},
				"south": {"uv": [11.5, 2.5, 13, 2.75], "texture": "#6"},
				"west": {"uv": [11.5, 2.75, 13, 3], "texture": "#6"},
				"up": {"uv": [9, 9.5, 7.5, 8], "texture": "#6"},
				"down": {"uv": [10, 0, 8.5, 1.5], "texture": "#6"}
			}
		},
		{
			"from": [2.5, 12.25, 12.5],
			"to": [3.5, 26.75, 13.5],
			"faces": {
				"north": {"uv": [0, 10, 0.25, 13.75], "texture": "#6"},
				"east": {"uv": [0.25, 10, 0.5, 13.75], "texture": "#6"},
				"south": {"uv": [0.5, 10, 0.75, 13.75], "texture": "#6"},
				"west": {"uv": [0.75, 10, 1, 13.75], "texture": "#6"},
				"up": {"uv": [6.5, 5, 6.25, 4.75], "texture": "#6"},
				"down": {"uv": [7, 7.75, 6.75, 8], "texture": "#6"}
			}
		},
		{
			"from": [12.5, 12.25, 2.5],
			"to": [13.5, 26.75, 3.5],
			"faces": {
				"north": {"uv": [1, 10, 1.25, 13.75], "texture": "#6"},
				"east": {"uv": [1.25, 10, 1.5, 13.75], "texture": "#6"},
				"south": {"uv": [1.5, 10, 1.75, 13.75], "texture": "#6"},
				"west": {"uv": [1.75, 10, 2, 13.75], "texture": "#6"},
				"up": {"uv": [8.75, 7.75, 8.5, 7.5], "texture": "#6"},
				"down": {"uv": [8.75, 7.75, 8.5, 8], "texture": "#6"}
			}
		},
		{
			"from": [2.5, 12.25, 2.5],
			"to": [3.5, 26.75, 3.5],
			"faces": {
				"north": {"uv": [2, 10, 2.25, 13.75], "texture": "#6"},
				"east": {"uv": [2.25, 10, 2.5, 13.75], "texture": "#6"},
				"south": {"uv": [2.5, 10, 2.75, 13.75], "texture": "#6"},
				"west": {"uv": [2.75, 10, 3, 13.75], "texture": "#6"},
				"up": {"uv": [9, 7.75, 8.75, 7.5], "texture": "#6"},
				"down": {"uv": [9, 7.75, 8.75, 8], "texture": "#6"}
			}
		},
		{
			"from": [2.5, 12.25, 3.5],
			"to": [3, 27.75, 6.5],
			"rotation": {"angle": 0, "axis": "y", "origin": [0, 0, 1]},
			"faces": {
				"north": {"uv": [8.5, 3.5, 8.75, 7.5], "texture": "#6"},
				"east": {"uv": [5.5, 0, 6.25, 4], "texture": "#6"},
				"south": {"uv": [8.75, 3.5, 9, 7.5], "texture": "#6"},
				"west": {"uv": [0, 6, 0.75, 10], "texture": "#6"},
				"up": {"uv": [7, 7.75, 6.75, 7], "texture": "#6"},
				"down": {"uv": [6.75, 11, 6.5, 11.75], "texture": "#6"}
			}
		},
		{
			"from": [13, 12.25, 9.5],
			"to": [13.5, 27.75, 12.5],
			"rotation": {"angle": 0, "axis": "y", "origin": [10.5, 0, 7]},
			"faces": {
				"north": {"uv": [9, 3.5, 9.25, 7.5], "texture": "#6"},
				"east": {"uv": [0.75, 6, 1.5, 10], "texture": "#6"},
				"south": {"uv": [9, 7.5, 9.25, 11.5], "texture": "#6"},
				"west": {"uv": [1.5, 6, 2.25, 10], "texture": "#6"},
				"up": {"uv": [3.25, 12.25, 3, 11.5], "texture": "#6"},
				"down": {"uv": [11.75, 3, 11.5, 3.75], "texture": "#6"}
			}
		},
		{
			"from": [3.5, 12.25, 2.5],
			"to": [6.5, 27.75, 3],
			"rotation": {"angle": 0, "axis": "y", "origin": [1, 0, 5.5]},
			"faces": {
				"north": {"uv": [2.25, 6, 3, 10], "texture": "#6"},
				"east": {"uv": [9.25, 3.5, 9.5, 7.5], "texture": "#6"},
				"south": {"uv": [6.25, 0, 7, 4], "texture": "#6"},
				"west": {"uv": [9.25, 7.5, 9.5, 11.5], "texture": "#6"},
				"up": {"uv": [6.25, 5, 5.5, 4.75], "texture": "#6"},
				"down": {"uv": [4, 11.5, 3.25, 11.75], "texture": "#6"}
			}
		},
		{
			"from": [9.5, 12.25, 13],
			"to": [12.5, 27.75, 13.5],
			"rotation": {"angle": 0, "axis": "y", "origin": [7, 0, 16]},
			"faces": {
				"north": {"uv": [7, 0, 7.75, 4], "texture": "#6"},
				"east": {"uv": [9.5, 3.5, 9.75, 7.5], "texture": "#6"},
				"south": {"uv": [3, 7, 3.75, 11], "texture": "#6"},
				"west": {"uv": [7.5, 9.5, 7.75, 13.5], "texture": "#6"},
				"up": {"uv": [12.25, 4, 11.5, 3.75], "texture": "#6"},
				"down": {"uv": [4.75, 11.5, 4, 11.75], "texture": "#6"}
			}
		},
		{
			"from": [3.5, 12.25, 13],
			"to": [6.5, 27.75, 13.5],
			"rotation": {"angle": 0, "axis": "y", "origin": [1, 0, 16]},
			"faces": {
				"north": {"uv": [3.75, 7, 4.5, 11], "texture": "#6"},
				"east": {"uv": [9.5, 7.5, 9.75, 11.5], "texture": "#6"},
				"south": {"uv": [7, 4, 7.75, 8], "texture": "#6"},
				"west": {"uv": [7.75, 9.5, 8, 13.5], "texture": "#6"},
				"up": {"uv": [12.25, 4.25, 11.5, 4], "texture": "#6"},
				"down": {"uv": [12.25, 4.25, 11.5, 4.5], "texture": "#6"}
			}
		},
		{
			"from": [9.5, 12.25, 2.5],
			"to": [12.5, 27.75, 3],
			"rotation": {"angle": 0, "axis": "y", "origin": [7, 0, 5.5]},
			"faces": {
				"north": {"uv": [4.5, 7, 5.25, 11], "texture": "#6"},
				"east": {"uv": [8, 9.5, 8.25, 13.5], "texture": "#6"},
				"south": {"uv": [5.25, 7, 6, 11], "texture": "#6"},
				"west": {"uv": [8.25, 9.5, 8.5, 13.5], "texture": "#6"},
				"up": {"uv": [12.25, 4.75, 11.5, 4.5], "texture": "#6"},
				"down": {"uv": [5.5, 11.5, 4.75, 11.75], "texture": "#6"}
			}
		},
		{
			"from": [13, 12.25, 3.5],
			"to": [13.5, 27.75, 6.5],
			"rotation": {"angle": 0, "axis": "y", "origin": [10.5, 0, 1]},
			"faces": {
				"north": {"uv": [8.5, 9.5, 8.75, 13.5], "texture": "#6"},
				"east": {"uv": [6, 7, 6.75, 11], "texture": "#6"},
				"south": {"uv": [8.75, 9.5, 9, 13.5], "texture": "#6"},
				"west": {"uv": [7.75, 0, 8.5, 4], "texture": "#6"},
				"up": {"uv": [11.75, 5.5, 11.5, 4.75], "texture": "#6"},
				"down": {"uv": [5.75, 11.5, 5.5, 12.25], "texture": "#6"}
			}
		},
		{
			"from": [2.5, 12.25, 9.5],
			"to": [3, 27.75, 12.5],
			"rotation": {"angle": 0, "axis": "y", "origin": [0, 0, 7]},
			"faces": {
				"north": {"uv": [9.75, 3.5, 10, 7.5], "texture": "#6"},
				"east": {"uv": [7.75, 4, 8.5, 8], "texture": "#6"},
				"south": {"uv": [9.75, 7.5, 10, 11.5], "texture": "#6"},
				"west": {"uv": [6.75, 8, 7.5, 12], "texture": "#6"},
				"up": {"uv": [11.75, 6.25, 11.5, 5.5], "texture": "#6"},
				"down": {"uv": [6, 11.5, 5.75, 12.25], "texture": "#6"}
			}
		},
		{
			"from": [12.5, 12.25, 12.5],
			"to": [13.5, 26.75, 13.5],
			"faces": {
				"north": {"uv": [10, 3.5, 10.25, 7.25], "texture": "#6"},
				"east": {"uv": [10, 7.25, 10.25, 11], "texture": "#6"},
				"south": {"uv": [10.25, 3.5, 10.5, 7.25], "texture": "#6"},
				"west": {"uv": [10.25, 7.25, 10.5, 11], "texture": "#6"},
				"up": {"uv": [11.75, 6.5, 11.5, 6.25], "texture": "#6"},
				"down": {"uv": [11.75, 6.5, 11.5, 6.75], "texture": "#6"}
			}
		},
		{
			"from": [4.5, 16, 4.5],
			"to": [11.5, 23, 11.5],
			"rotation": {"angle": 45, "axis": "y", "origin": [8, 19.5, 8]},
			"faces": {
				"north": {"uv": [0, 0, 16, 16], "texture": "#3"},
				"east": {"uv": [0, 0, 16, 16], "texture": "#3"},
				"south": {"uv": [0, 0, 16, 16], "texture": "#3"},
				"west": {"uv": [0, 0, 16, 16], "texture": "#3"},
				"up": {"uv": [0, 0, 16, 16], "texture": "#3"},
				"down": {"uv": [0, 0, 16, 16], "texture": "#3"}
			}
		},
		{
			"from": [4.5, 16, 4.5],
			"to": [11.5, 23, 11.5],
			"rotation": {"angle": 45, "axis": "x", "origin": [8, 19.5, 8]},
			"faces": {
				"north": {"uv": [0, 0, 16, 16], "texture": "#3"},
				"east": {"uv": [0, 0, 16, 16], "texture": "#3"},
				"south": {"uv": [0, 0, 16, 16], "texture": "#3"},
				"west": {"uv": [0, 0, 16, 16], "texture": "#3"},
				"up": {"uv": [0, 0, 16, 16], "texture": "#3"},
				"down": {"uv": [0, 0, 16, 16], "texture": "#3"}
			}
		},
		{
			"from": [4.5, 16, 4.5],
			"to": [11.5, 23, 11.5],
			"rotation": {"angle": 45, "axis": "z", "origin": [8, 19.5, 8]},
			"faces": {
				"north": {"uv": [0, 0, 16, 16], "texture": "#3"},
				"east": {"uv": [0, 0, 16, 16], "texture": "#3"},
				"south": {"uv": [0, 0, 16, 16], "texture": "#3"},
				"west": {"uv": [0, 0, 16, 16], "texture": "#3"},
				"up": {"uv": [0, 0, 16, 16], "texture": "#3"},
				"down": {"uv": [0, 0, 16, 16], "texture": "#3"}
			}
		}
	],
	"display": {
		"thirdperson_righthand": {
			"translation": [0, -5.75, 0.25],
			"scale": [0.32, 0.32, 0.32]
		},
		"thirdperson_lefthand": {
			"translation": [0, -5.75, 0.25],
			"scale": [0.32, 0.32, 0.32]
		},
		"firstperson_righthand": {
			"translation": [0, 3.75, 2.25],
			"scale": [0.32, 0.32, 0.32]
		},
		"firstperson_lefthand": {
			"translation": [0, 3.75, 2.25],
			"scale": [0.32, 0.32, 0.32]
		},
		"ground": {
			"scale": [0.32, 0.32, 0.32]
		},
		"gui": {
			"rotation": [0, 45, 0],
			"translation": [0, -2, 0.25],
			"scale": [0.45, 0.45, 0.45]
		},
		"head": {
			"translation": [0, 12, 0]
		},
		"fixed": {
			"rotation": [0, 45, 0],
			"translation": [0, -2.25, 0.25],
			"scale": [0.45, 0.45, 0.45]
		}
	},
	"groups": [
		{
			"name": "legS",
			"origin": [7.75, 8, 0.75],
			"color": 0,
			"children": [0, 1, 2, 3]
		},
		{
			"name": "legW",
			"origin": [7.75, 8, 0.75],
			"color": 0,
			"children": [4, 5, 6, 7]
		},
		{
			"name": "legE",
			"origin": [7.75, 8, 0.75],
			"color": 0,
			"children": [8, 9, 10, 11]
		},
		{
			"name": "legN",
			"origin": [7.75, 8, 0.75],
			"color": 0,
			"children": [12, 13, 14, 15]
		},
		{
			"name": "drill",
			"origin": [0, 0, 0],
			"color": 0,
			"children": [16, 17, 18, 19, 20, 21, 22, 23, 24, 25, 26, 27, 28, 29, 30, 31]
		},
		{
			"name": "ring",
			"origin": [8, 8, 8],
			"color": 0,
			"children": [32, 33, 34, 35, 36, 37, 38, 39, 40, 41]
		},
		{
			"name": "receptacle",
			"origin": [8, 8, 8],
			"color": 0,
			"children": [42, 43, 44, 45, 46, 47, 48, 49, 50, 51, 52, 53, 54, 55, 56, 57, 58, 59, 60, 61]
		},
		{
			"name": "core",
			"origin": [8, 8, 8],
			"color": 0,
			"children": [62, 63, 64]
		}
	]
}