{
    "parent": "item/generated",
    "textures": {
        "layer0": "item/phantom_membrane"
    },
    

    
    "overrides": [
    {"predicate": {"custom_model_data":7}, "model": "item/custom/nocturite_crystal"},
    {"predicate": {"custom_model_data":8}, "model": "item/custom/histerite_crystal"},
    {"predicate": {"custom_model_data":9}, "model": "item/custom/cobble_compress"},
    {"predicate": {"custom_model_data":15}, "model": "item/custom/histerite_ingot"},
    {"predicate": {"custom_model_data":16}, "model": "item/custom/nocturite_ingot"},
    {"predicate": {"custom_model_data":19}, "model": "item/custom/xp_orb"},
    {"predicate": {"custom_model_data":33}, "model": "item/custom/histerite_stick"},
    {"predicate": {"custom_model_data":34}, "model": "item/custom/histerite_core"},
    {"predicate": {"custom_model_data":36}, "model": "item/custom/nocturite_seed"},
    {"predicate": {"custom_model_data":37}, "model": "item/custom/histerite_seed"},
    {"predicate": {"custom_model_data":47}, "model": "item/custom/histerite_nugget"},
    {"predicate": {"custom_model_data":48}, "model": "item/custom/nocturite_nugget"},
    {"predicate": {"custom_model_data":49}, "model": "item/custom/nocturite_core"},
    {"predicate": {"custom_model_data":50}, "model": "item/custom/red_matter"},
    {"predicate": {"custom_model_data":51}, "model": "item/custom/badge_enchanter"},
    {"predicate": {"custom_model_data":52}, "model": "item/custom/badge_farmer"},
    {"predicate": {"custom_model_data":53}, "model": "item/custom/badge_fighter"},
    {"predicate": {"custom_model_data":54}, "model": "item/custom/badge_miner"}
    ]
}

//Textured by Ichabodt