{
    "parent": "item/handheld",
    "textures": {
        "layer0": "item/stick"
	  },
    

    
    "overrides": [
    {"predicate": {"custom_model_data":1}, "model": "item/custom/jumpstick"},
    {"predicate": {"custom_model_data":2}, "model": "item/custom/speedstick"},
    {"predicate": {"custom_model_data":3}, "model": "item/custom/healstick"},
    {"predicate": {"custom_model_data":4}, "model": "item/custom/bubble_wand"},
    {"predicate": {"custom_model_data":31}, "model": "item/custom/chest_explorer"},
    {"predicate": {"custom_model_data":32}, "model": "item/custom/obsidian_breaker"}
    
    ]
}

//Textured by Ichabodt