{
  "providers": [
    {
      "type": "bitmap",
      "file": "minecraft:font/zrt_alien.png",
      "chars": ["\u9000"],
      "ascent": 8
    },
	
	{
      "type": "bitmap",
      "file": "minecraft:font/zrt_non.png",
      "chars": ["\u9001"],
      "ascent": 8
    },
	
	{
      "type": "bitmap",
      "file": "minecraft:font/zrt_oui.png",
      "chars": ["\u9002"],
      "ascent": 8
    },
	
	{
      "type": "bitmap",
      "file": "minecraft:font/zrt_michel.png",
      "chars": ["\u9003"],
      "ascent": 8
    },
	
	{
      "type": "bitmap",
      "file": "minecraft:font/spigot.png",
      "chars": ["\u9004"],
      "ascent": 8
    },
	
	{
      "type": "bitmap",
      "file": "minecraft:font/selytra.png",
      "chars": ["\u9005"],
      "ascent": 8
    },
	
	{
      "type": "bitmap",
      "file": "minecraft:font/demigod.png",
      "chars": ["\u9006"],
      "ascent": 8
    },
	
	{
      "type": "bitmap",
      "file": "minecraft:font/monarch.png",
      "chars": ["\u9007"],
      "ascent": 8
    },
	
	{
      "type": "bitmap",
      "file": "minecraft:font/lord.png",
      "chars": ["\u9008"],
      "ascent": 8
    },
	
	{
      "type": "bitmap",
      "file": "minecraft:font/java.png",
      "chars": ["\u9009"],
      "ascent": 8
    },
	
	{
      "type": "bitmap",
      "file": "minecraft:font/bedrock.png",
      "chars": ["\u9010"],
      "ascent": 8
    },
	
	{
      "type": "bitmap",
      "file": "minecraft:font/almighty.png",
      "chars": ["\u9011"],
      "ascent": 7
    },
	
	{
      "type": "bitmap",
      "file": "minecraft:font/admin.png",
      "chars": ["\u9012"],
      "ascent": 7
    },
	
	{
      "type": "bitmap",
      "file": "minecraft:font/modo.png",
      "chars": ["\u9013"],
      "ascent": 7
    },
	
	{
      "type": "bitmap",
      "file": "minecraft:font/guide.png",
      "chars": ["\u9014"],
      "ascent": 7
    },
	
	{
      "type": "bitmap",
      "file": "minecraft:font/demigod_badge.png",
      "chars": ["\u9015"],
      "ascent": 7
    },
	
	{
      "type": "bitmap",
      "file": "minecraft:font/monarch_badge.png",
      "chars": ["\u9016"],
      "ascent": 7
    },
	
	{
      "type": "bitmap",
      "file": "minecraft:font/lord_badge.png",
      "chars": ["\u9017"],
      "ascent": 7
    },
	
	{
      "type": "bitmap",
      "file": "minecraft:font/vote.png",
      "chars": ["\u9018"],
      "ascent": 7	  
    },
	
	{
      "type": "bitmap",
      "file": "minecraft:font/www.png",
      "chars": ["\u9019"],
      "ascent": 7
    },
	
	{
      "type": "bitmap",
      "file": "minecraft:font/discorde.png",
      "chars": ["\u9020"],
      "ascent": 7
    },
	
	{
      "type": "bitmap",
      "file": "minecraft:font/shop.png",
      "chars": ["\u9021"],
      "ascent": 7
    },
	
	{
      "type": "bitmap",
      "file": "minecraft:font/gold.png",
      "chars": ["\u9022"],
      "ascent": 7
    },
	
	{
      "type": "bitmap",
      "file": "minecraft:font/fight_warn.png",
      "chars": ["\u9023"],
      "ascent": -30,
	  "height": 4
    }
	
  ]
}
