{
	"textures": {
		"0": "minecraft:block/lootbox_front",
		"1": "minecraft:block/lootbox_bottom",
		"2": "minecraft:block/lootbox_side",
		"3": "minecraft:block/lootbox_top",
		"4": "minecraft:block/black_concrete",
		"particle": "minecraft:block/lootbox_front"
	},
	"elements": [
		{
			"from": [14, 11, 0],
			"to": [16, 13, 2],
			"rotation": {"angle": 0, "axis": "z", "origin": [16, 13, 0]},
			"faces": {
				"north": {"uv": [14, 14, 16, 16], "rotation": 180, "texture": "#0"},
				"east": {"uv": [0, 14, 2, 16], "rotation": 180, "texture": "#0"},
				"south": {"uv": [14, 14, 16, 16], "rotation": 180, "texture": "#0"},
				"west": {"uv": [0, 14, 2, 16], "rotation": 180, "texture": "#0"},
				"up": {"uv": [0, 14, 2, 16], "rotation": 180, "texture": "#0"},
				"down": {"uv": [1.5, 4.5, 2, 5], "rotation": 180, "texture": "#0"}
			}
		},
		{
			"from": [14.5, 10, 0],
			"to": [16, 11, 1.5],
			"rotation": {"angle": 0, "axis": "z", "origin": [16, 13, 0]},
			"faces": {
				"north": {"uv": [14.5, 13, 16, 14], "rotation": 180, "texture": "#0"},
				"east": {"uv": [0, 13, 1.5, 14], "rotation": 180, "texture": "#0"},
				"south": {"uv": [14.5, 13, 16, 14], "rotation": 180, "texture": "#0"},
				"west": {"uv": [0, 13, 1.5, 14], "rotation": 180, "texture": "#0"},
				"up": {"uv": [0, 0, 1.5, 1.5], "rotation": 180, "texture": "#missing"},
				"down": {"uv": [0, 3, 1.5, 4.5], "rotation": 180, "texture": "#0"}
			}
		},
		{
			"from": [13, 11.5, 0],
			"to": [14, 13, 1.5],
			"rotation": {"angle": 0, "axis": "z", "origin": [16, 13, 0]},
			"faces": {
				"north": {"uv": [13, 14.5, 14, 16], "rotation": 180, "texture": "#0"},
				"east": {"uv": [0, 0, 1.5, 1.5], "rotation": 180, "texture": "#missing"},
				"south": {"uv": [2, 3, 3, 4.5], "rotation": 180, "texture": "#0"},
				"west": {"uv": [14.5, 14.5, 16, 16], "rotation": 180, "texture": "#0"},
				"up": {"uv": [2, 14.5, 3, 16], "rotation": 180, "texture": "#0"},
				"down": {"uv": [2, 14.5, 3, 16], "rotation": 180, "texture": "#0"}
			}
		},
		{
			"from": [14.5, 11.5, 2],
			"to": [16, 13, 3],
			"rotation": {"angle": 0, "axis": "z", "origin": [16, 13, 0]},
			"faces": {
				"north": {"uv": [0, 0, 1.5, 1.5], "rotation": 180, "texture": "#missing"},
				"east": {"uv": [2, 14.5, 3, 16], "rotation": 180, "texture": "#0"},
				"south": {"uv": [0, 14.5, 1.5, 16], "rotation": 180, "texture": "#0"},
				"west": {"uv": [13, 3, 14, 4.5], "rotation": 180, "texture": "#0"},
				"up": {"uv": [0, 13, 1.5, 14], "rotation": 180, "texture": "#0"},
				"down": {"uv": [14.5, 5, 16, 6], "rotation": 180, "texture": "#0"}
			}
		},
		{
			"from": [14, 11, 14],
			"to": [16, 13, 16],
			"rotation": {"angle": 0, "axis": "z", "origin": [16, 13, 0]},
			"faces": {
				"north": {"uv": [0, 14, 2, 16], "rotation": 180, "texture": "#0"},
				"east": {"uv": [14, 14, 16, 16], "rotation": 180, "texture": "#0"},
				"south": {"uv": [0, 14, 2, 16], "rotation": 180, "texture": "#0"},
				"west": {"uv": [14, 14, 16, 16], "rotation": 180, "texture": "#0"},
				"up": {"uv": [0, 14, 2, 16], "rotation": 270, "texture": "#0"},
				"down": {"uv": [1.5, 4.5, 2, 5], "rotation": 90, "texture": "#0"}
			}
		},
		{
			"from": [14.5, 10, 14.5],
			"to": [16, 11, 16],
			"rotation": {"angle": 0, "axis": "z", "origin": [16, 13, 0]},
			"faces": {
				"north": {"uv": [0, 13, 1.5, 14], "rotation": 180, "texture": "#0"},
				"east": {"uv": [14.5, 13, 16, 14], "rotation": 180, "texture": "#0"},
				"south": {"uv": [0, 13, 1.5, 14], "rotation": 180, "texture": "#0"},
				"west": {"uv": [14.5, 13, 16, 14], "rotation": 180, "texture": "#0"},
				"up": {"uv": [0, 0, 1.5, 1.5], "rotation": 270, "texture": "#missing"},
				"down": {"uv": [0, 3, 1.5, 4.5], "rotation": 90, "texture": "#0"}
			}
		},
		{
			"from": [14.5, 11.5, 13],
			"to": [16, 13, 14],
			"rotation": {"angle": 0, "axis": "z", "origin": [16, 13, 0]},
			"faces": {
				"north": {"uv": [14.5, 14.5, 16, 16], "rotation": 180, "texture": "#0"},
				"east": {"uv": [13, 14.5, 14, 16], "rotation": 180, "texture": "#0"},
				"south": {"uv": [0, 0, 1.5, 1.5], "rotation": 180, "texture": "#missing"},
				"west": {"uv": [2, 3, 3, 4.5], "rotation": 180, "texture": "#0"},
				"up": {"uv": [2, 14.5, 3, 16], "rotation": 270, "texture": "#0"},
				"down": {"uv": [2, 14.5, 3, 16], "rotation": 90, "texture": "#0"}
			}
		},
		{
			"from": [13, 11.5, 14.5],
			"to": [14, 13, 16],
			"rotation": {"angle": 0, "axis": "z", "origin": [16, 13, 0]},
			"faces": {
				"north": {"uv": [13, 3, 14, 4.5], "rotation": 180, "texture": "#0"},
				"east": {"uv": [0, 0, 1.5, 1.5], "rotation": 180, "texture": "#missing"},
				"south": {"uv": [2, 14.5, 3, 16], "rotation": 180, "texture": "#0"},
				"west": {"uv": [0, 14.5, 1.5, 16], "rotation": 180, "texture": "#0"},
				"up": {"uv": [0, 13, 1.5, 14], "rotation": 270, "texture": "#0"},
				"down": {"uv": [14.5, 5, 16, 6], "rotation": 90, "texture": "#0"}
			}
		},
		{
			"from": [0, 11, 14],
			"to": [2, 13, 16],
			"rotation": {"angle": 0, "axis": "z", "origin": [16, 13, 0]},
			"faces": {
				"north": {"uv": [14, 14, 16, 16], "rotation": 180, "texture": "#0"},
				"east": {"uv": [0, 14, 2, 16], "rotation": 180, "texture": "#0"},
				"south": {"uv": [14, 14, 16, 16], "rotation": 180, "texture": "#0"},
				"west": {"uv": [0, 14, 2, 16], "rotation": 180, "texture": "#0"},
				"up": {"uv": [0, 14, 2, 16], "texture": "#0"},
				"down": {"uv": [1.5, 4.5, 2, 5], "texture": "#0"}
			}
		},
		{
			"from": [0, 10, 14.5],
			"to": [1.5, 11, 16],
			"rotation": {"angle": 0, "axis": "z", "origin": [16, 13, 0]},
			"faces": {
				"north": {"uv": [14.5, 13, 16, 14], "rotation": 180, "texture": "#0"},
				"east": {"uv": [0, 13, 1.5, 14], "rotation": 180, "texture": "#0"},
				"south": {"uv": [14.5, 13, 16, 14], "rotation": 180, "texture": "#0"},
				"west": {"uv": [0, 13, 1.5, 14], "rotation": 180, "texture": "#0"},
				"up": {"uv": [0, 0, 1.5, 1.5], "texture": "#missing"},
				"down": {"uv": [0, 3, 1.5, 4.5], "texture": "#0"}
			}
		},
		{
			"from": [2, 11.5, 14.5],
			"to": [3, 13, 16],
			"rotation": {"angle": 0, "axis": "z", "origin": [16, 13, 0]},
			"faces": {
				"north": {"uv": [2, 3, 3, 4.5], "rotation": 180, "texture": "#0"},
				"east": {"uv": [14.5, 14.5, 16, 16], "rotation": 180, "texture": "#0"},
				"south": {"uv": [13, 14.5, 14, 16], "rotation": 180, "texture": "#0"},
				"west": {"uv": [0, 0, 1.5, 1.5], "rotation": 180, "texture": "#missing"},
				"up": {"uv": [2, 14.5, 3, 16], "texture": "#0"},
				"down": {"uv": [2, 14.5, 3, 16], "texture": "#0"}
			}
		},
		{
			"from": [0, 11.5, 13],
			"to": [1.5, 13, 14],
			"rotation": {"angle": 0, "axis": "z", "origin": [16, 13, 0]},
			"faces": {
				"north": {"uv": [0, 14.5, 1.5, 16], "rotation": 180, "texture": "#0"},
				"east": {"uv": [13, 3, 14, 4.5], "rotation": 180, "texture": "#0"},
				"south": {"uv": [0, 0, 1.5, 1.5], "rotation": 180, "texture": "#missing"},
				"west": {"uv": [2, 14.5, 3, 16], "rotation": 180, "texture": "#0"},
				"up": {"uv": [0, 13, 1.5, 14], "texture": "#0"},
				"down": {"uv": [14.5, 5, 16, 6], "texture": "#0"}
			}
		},
		{
			"from": [0, 11, 0],
			"to": [2, 13, 2],
			"rotation": {"angle": 0, "axis": "z", "origin": [16, 13, 0]},
			"faces": {
				"north": {"uv": [0, 14, 2, 16], "rotation": 180, "texture": "#0"},
				"east": {"uv": [14, 14, 16, 16], "rotation": 180, "texture": "#0"},
				"south": {"uv": [0, 14, 2, 16], "rotation": 180, "texture": "#0"},
				"west": {"uv": [14, 14, 16, 16], "rotation": 180, "texture": "#0"},
				"up": {"uv": [0, 14, 2, 16], "rotation": 90, "texture": "#0"},
				"down": {"uv": [1.5, 4.5, 2, 5], "rotation": 270, "texture": "#0"}
			}
		},
		{
			"from": [0, 10, 0],
			"to": [1.5, 11, 1.5],
			"rotation": {"angle": 0, "axis": "z", "origin": [16, 13, 0]},
			"faces": {
				"north": {"uv": [0, 13, 1.5, 14], "rotation": 180, "texture": "#0"},
				"east": {"uv": [14.5, 13, 16, 14], "rotation": 180, "texture": "#0"},
				"south": {"uv": [0, 13, 1.5, 14], "rotation": 180, "texture": "#0"},
				"west": {"uv": [14.5, 13, 16, 14], "rotation": 180, "texture": "#0"},
				"up": {"uv": [0, 0, 1.5, 1.5], "rotation": 90, "texture": "#missing"},
				"down": {"uv": [0, 3, 1.5, 4.5], "rotation": 270, "texture": "#0"}
			}
		},
		{
			"from": [0, 11.5, 2],
			"to": [1.5, 13, 3],
			"rotation": {"angle": 0, "axis": "z", "origin": [16, 13, 0]},
			"faces": {
				"north": {"uv": [0, 0, 1.5, 1.5], "rotation": 180, "texture": "#missing"},
				"east": {"uv": [2, 3, 3, 4.5], "rotation": 180, "texture": "#0"},
				"south": {"uv": [14.5, 14.5, 16, 16], "rotation": 180, "texture": "#0"},
				"west": {"uv": [13, 14.5, 14, 16], "rotation": 180, "texture": "#0"},
				"up": {"uv": [2, 14.5, 3, 16], "rotation": 90, "texture": "#0"},
				"down": {"uv": [2, 14.5, 3, 16], "rotation": 270, "texture": "#0"}
			}
		},
		{
			"from": [2, 11.5, 0],
			"to": [3, 13, 1.5],
			"rotation": {"angle": 0, "axis": "z", "origin": [16, 13, 0]},
			"faces": {
				"north": {"uv": [2, 14.5, 3, 16], "rotation": 180, "texture": "#0"},
				"east": {"uv": [0, 14.5, 1.5, 16], "rotation": 180, "texture": "#0"},
				"south": {"uv": [13, 3, 14, 4.5], "rotation": 180, "texture": "#0"},
				"west": {"uv": [0, 0, 1.5, 1.5], "rotation": 180, "texture": "#missing"},
				"up": {"uv": [0, 13, 1.5, 14], "rotation": 90, "texture": "#0"},
				"down": {"uv": [14.5, 5, 16, 6], "rotation": 270, "texture": "#0"}
			}
		},
		{
			"from": [0, 0, 0],
			"to": [2, 2, 2],
			"rotation": {"angle": 0, "axis": "y", "origin": [9, 9.5, 8]},
			"faces": {
				"north": {"uv": [14, 14, 16, 16], "texture": "#0"},
				"east": {"uv": [0, 14, 2, 16], "texture": "#0"},
				"south": {"uv": [14, 14, 16, 16], "texture": "#0"},
				"west": {"uv": [0, 14, 2, 16], "texture": "#0"},
				"up": {"uv": [1.5, 4.5, 2, 5], "texture": "#0"},
				"down": {"uv": [0, 14, 2, 16], "texture": "#0"}
			}
		},
		{
			"from": [0, 2, 0],
			"to": [1.5, 3, 1.5],
			"rotation": {"angle": 0, "axis": "y", "origin": [8, 9.5, 8]},
			"faces": {
				"north": {"uv": [14.5, 13, 16, 14], "texture": "#0"},
				"east": {"uv": [0, 13, 1.5, 14], "texture": "#0"},
				"south": {"uv": [14.5, 13, 16, 14], "texture": "#0"},
				"west": {"uv": [0, 13, 1.5, 14], "texture": "#0"},
				"up": {"uv": [0, 3, 1.5, 4.5], "texture": "#0"},
				"down": {"uv": [0, 0, 1.5, 1.5], "texture": "#missing"}
			}
		},
		{
			"from": [2, 0, 0],
			"to": [3, 1.5, 1.5],
			"rotation": {"angle": 0, "axis": "y", "origin": [10, 8, 8]},
			"faces": {
				"north": {"uv": [13, 14.5, 14, 16], "texture": "#0"},
				"east": {"uv": [14.5, 14.5, 16, 16], "texture": "#0"},
				"south": {"uv": [2, 3, 3, 4.5], "texture": "#0"},
				"west": {"uv": [0, 0, 1.5, 1.5], "texture": "#missing"},
				"up": {"uv": [2, 14.5, 3, 16], "texture": "#0"},
				"down": {"uv": [2, 14.5, 3, 16], "texture": "#0"}
			}
		},
		{
			"from": [0, 0, 2],
			"to": [1.5, 1.5, 3],
			"rotation": {"angle": 0, "axis": "y", "origin": [8, 8, 9.5]},
			"faces": {
				"north": {"uv": [0, 0, 1.5, 1.5], "texture": "#missing"},
				"east": {"uv": [13, 3, 14, 4.5], "texture": "#0"},
				"south": {"uv": [0, 14.5, 1.5, 16], "texture": "#0"},
				"west": {"uv": [2, 14.5, 3, 16], "texture": "#0"},
				"up": {"uv": [14.5, 5, 16, 6], "texture": "#0"},
				"down": {"uv": [0, 13, 1.5, 14], "texture": "#0"}
			}
		},
		{
			"from": [0, 0, 14],
			"to": [2, 2, 16],
			"rotation": {"angle": 0, "axis": "y", "origin": [0, 0, 16]},
			"faces": {
				"north": {"uv": [0, 14, 2, 16], "texture": "#0"},
				"east": {"uv": [14, 14, 16, 16], "texture": "#0"},
				"south": {"uv": [0, 14, 2, 16], "texture": "#0"},
				"west": {"uv": [14, 14, 16, 16], "texture": "#0"},
				"up": {"uv": [1.5, 4.5, 2, 5], "rotation": 270, "texture": "#0"},
				"down": {"uv": [0, 14, 2, 16], "rotation": 90, "texture": "#0"}
			}
		},
		{
			"from": [0, 2, 14.5],
			"to": [1.5, 3, 16],
			"rotation": {"angle": 0, "axis": "y", "origin": [0, 0, 16]},
			"faces": {
				"north": {"uv": [0, 13, 1.5, 14], "texture": "#0"},
				"east": {"uv": [14.5, 13, 16, 14], "texture": "#0"},
				"south": {"uv": [0, 13, 1.5, 14], "texture": "#0"},
				"west": {"uv": [14.5, 13, 16, 14], "texture": "#0"},
				"up": {"uv": [0, 3, 1.5, 4.5], "rotation": 270, "texture": "#0"},
				"down": {"uv": [0, 0, 1.5, 1.5], "rotation": 90, "texture": "#missing"}
			}
		},
		{
			"from": [0, 0, 13],
			"to": [1.5, 1.5, 14],
			"rotation": {"angle": 0, "axis": "y", "origin": [0, 0, 16]},
			"faces": {
				"north": {"uv": [14.5, 14.5, 16, 16], "texture": "#0"},
				"east": {"uv": [2, 3, 3, 4.5], "texture": "#0"},
				"south": {"uv": [0, 0, 1.5, 1.5], "texture": "#missing"},
				"west": {"uv": [13, 14.5, 14, 16], "texture": "#0"},
				"up": {"uv": [2, 14.5, 3, 16], "rotation": 270, "texture": "#0"},
				"down": {"uv": [2, 14.5, 3, 16], "rotation": 90, "texture": "#0"}
			}
		},
		{
			"from": [2, 0, 14.5],
			"to": [3, 1.5, 16],
			"rotation": {"angle": 0, "axis": "y", "origin": [0, 0, 16]},
			"faces": {
				"north": {"uv": [13, 3, 14, 4.5], "texture": "#0"},
				"east": {"uv": [0, 14.5, 1.5, 16], "texture": "#0"},
				"south": {"uv": [2, 14.5, 3, 16], "texture": "#0"},
				"west": {"uv": [0, 0, 1.5, 1.5], "texture": "#missing"},
				"up": {"uv": [14.5, 5, 16, 6], "rotation": 270, "texture": "#0"},
				"down": {"uv": [0, 13, 1.5, 14], "rotation": 90, "texture": "#0"}
			}
		},
		{
			"from": [14, 0, 14],
			"to": [16, 2, 16],
			"rotation": {"angle": 0, "axis": "y", "origin": [16, 0, 16]},
			"faces": {
				"north": {"uv": [14, 14, 16, 16], "texture": "#0"},
				"east": {"uv": [0, 14, 2, 16], "texture": "#0"},
				"south": {"uv": [14, 14, 16, 16], "texture": "#0"},
				"west": {"uv": [0, 14, 2, 16], "texture": "#0"},
				"up": {"uv": [1.5, 4.5, 2, 5], "rotation": 180, "texture": "#0"},
				"down": {"uv": [0, 14, 2, 16], "rotation": 180, "texture": "#0"}
			}
		},
		{
			"from": [14.5, 2, 14.5],
			"to": [16, 3, 16],
			"rotation": {"angle": 0, "axis": "y", "origin": [16, 0, 16]},
			"faces": {
				"north": {"uv": [14.5, 13, 16, 14], "texture": "#0"},
				"east": {"uv": [0, 13, 1.5, 14], "texture": "#0"},
				"south": {"uv": [14.5, 13, 16, 14], "texture": "#0"},
				"west": {"uv": [0, 13, 1.5, 14], "texture": "#0"},
				"up": {"uv": [0, 3, 1.5, 4.5], "rotation": 180, "texture": "#0"},
				"down": {"uv": [0, 0, 1.5, 1.5], "rotation": 180, "texture": "#missing"}
			}
		},
		{
			"from": [13, 0, 14.5],
			"to": [14, 1.5, 16],
			"rotation": {"angle": 0, "axis": "y", "origin": [16, 0, 16]},
			"faces": {
				"north": {"uv": [2, 3, 3, 4.5], "texture": "#0"},
				"east": {"uv": [0, 0, 1.5, 1.5], "texture": "#missing"},
				"south": {"uv": [13, 14.5, 14, 16], "texture": "#0"},
				"west": {"uv": [14.5, 14.5, 16, 16], "texture": "#0"},
				"up": {"uv": [2, 14.5, 3, 16], "rotation": 180, "texture": "#0"},
				"down": {"uv": [2, 14.5, 3, 16], "rotation": 180, "texture": "#0"}
			}
		},
		{
			"from": [14.5, 0, 13],
			"to": [16, 1.5, 14],
			"rotation": {"angle": 0, "axis": "y", "origin": [16, 0, 16]},
			"faces": {
				"north": {"uv": [0, 14.5, 1.5, 16], "texture": "#0"},
				"east": {"uv": [2, 14.5, 3, 16], "texture": "#0"},
				"south": {"uv": [0, 0, 1.5, 1.5], "texture": "#missing"},
				"west": {"uv": [13, 3, 14, 4.5], "texture": "#0"},
				"up": {"uv": [14.5, 5, 16, 6], "rotation": 180, "texture": "#0"},
				"down": {"uv": [0, 13, 1.5, 14], "rotation": 180, "texture": "#0"}
			}
		},
		{
			"from": [14, 0, 0],
			"to": [16, 2, 2],
			"rotation": {"angle": 0, "axis": "y", "origin": [16, 0, 0]},
			"faces": {
				"north": {"uv": [0, 14, 2, 16], "texture": "#0"},
				"east": {"uv": [14, 14, 16, 16], "texture": "#0"},
				"south": {"uv": [0, 14, 2, 16], "texture": "#0"},
				"west": {"uv": [14, 14, 16, 16], "texture": "#0"},
				"up": {"uv": [1.5, 4.5, 2, 5], "rotation": 90, "texture": "#0"},
				"down": {"uv": [0, 14, 2, 16], "rotation": 270, "texture": "#0"}
			}
		},
		{
			"from": [14.5, 2, 0],
			"to": [16, 3, 1.5],
			"rotation": {"angle": 0, "axis": "y", "origin": [16, 0, 0]},
			"faces": {
				"north": {"uv": [0, 13, 1.5, 14], "texture": "#0"},
				"east": {"uv": [14.5, 13, 16, 14], "texture": "#0"},
				"south": {"uv": [0, 13, 1.5, 14], "texture": "#0"},
				"west": {"uv": [14.5, 13, 16, 14], "texture": "#0"},
				"up": {"uv": [0, 3, 1.5, 4.5], "rotation": 90, "texture": "#0"},
				"down": {"uv": [0, 0, 1.5, 1.5], "rotation": 270, "texture": "#missing"}
			}
		},
		{
			"from": [14.5, 0, 2],
			"to": [16, 1.5, 3],
			"rotation": {"angle": 0, "axis": "y", "origin": [16, 0, 0]},
			"faces": {
				"north": {"uv": [0, 0, 1.5, 1.5], "texture": "#missing"},
				"east": {"uv": [13, 14.5, 14, 16], "texture": "#0"},
				"south": {"uv": [14.5, 14.5, 16, 16], "texture": "#0"},
				"west": {"uv": [2, 3, 3, 4.5], "texture": "#0"},
				"up": {"uv": [2, 14.5, 3, 16], "rotation": 90, "texture": "#0"},
				"down": {"uv": [2, 14.5, 3, 16], "rotation": 270, "texture": "#0"}
			}
		},
		{
			"from": [13, 0, 0],
			"to": [14, 1.5, 1.5],
			"rotation": {"angle": 0, "axis": "y", "origin": [16, 0, 0]},
			"faces": {
				"north": {"uv": [2, 14.5, 3, 16], "texture": "#0"},
				"east": {"uv": [0, 0, 1.5, 1.5], "texture": "#missing"},
				"south": {"uv": [13, 3, 14, 4.5], "texture": "#0"},
				"west": {"uv": [0, 14.5, 1.5, 16], "texture": "#0"},
				"up": {"uv": [14.5, 5, 16, 6], "rotation": 90, "texture": "#0"},
				"down": {"uv": [0, 13, 1.5, 14], "rotation": 270, "texture": "#0"}
			}
		},
		{
			"from": [3, 11.75, 0.25],
			"to": [5.5, 12.75, 1.25],
			"rotation": {"angle": 0, "axis": "z", "origin": [16, 13, 0]},
			"faces": {
				"north": {"uv": [10.5, 15, 13, 16], "rotation": 180, "texture": "#1"},
				"east": {"uv": [0, 0, 1, 1], "rotation": 180, "texture": "#missing"},
				"south": {"uv": [10.5, 0, 13, 1], "rotation": 180, "texture": "#1"},
				"west": {"uv": [0, 0, 1, 1], "rotation": 180, "texture": "#missing"},
				"up": {"uv": [10.5, 15, 13, 16], "rotation": 180, "texture": "#1"},
				"down": {"uv": [10.5, 15, 13, 16], "rotation": 180, "texture": "#1"}
			}
		},
		{
			"from": [10.5, 11.75, 0.25],
			"to": [13, 12.75, 1.25],
			"rotation": {"angle": 0, "axis": "z", "origin": [23.5, 13, 0]},
			"faces": {
				"north": {"uv": [3, 15, 5.5, 16], "rotation": 180, "texture": "#1"},
				"east": {"uv": [0, 0, 1, 1], "rotation": 180, "texture": "#missing"},
				"south": {"uv": [3, 0, 5.5, 1], "rotation": 180, "texture": "#1"},
				"west": {"uv": [0, 0, 1, 1], "rotation": 180, "texture": "#missing"},
				"up": {"uv": [3, 15, 5.5, 16], "rotation": 180, "texture": "#1"},
				"down": {"uv": [3, 15, 5.5, 16], "rotation": 180, "texture": "#1"}
			}
		},
		{
			"from": [5.5, 11.75, 1],
			"to": [10.5, 12.75, 1.25],
			"rotation": {"angle": 0, "axis": "z", "origin": [18.5, 13, 0]},
			"faces": {
				"north": {"uv": [5.5, 15, 10.5, 16], "rotation": 180, "texture": "#1"},
				"east": {"uv": [0, 0, 1, 1], "rotation": 180, "texture": "#missing"},
				"south": {"uv": [5.5, 0, 10.5, 1], "rotation": 180, "texture": "#1"},
				"west": {"uv": [0, 0, 1, 1], "rotation": 180, "texture": "#missing"},
				"up": {"uv": [5.5, 15, 10.5, 15.5], "rotation": 180, "texture": "#1"},
				"down": {"uv": [5.5, 15, 10.5, 16], "rotation": 180, "texture": "#1"}
			}
		},
		{
			"from": [14.75, 11.75, 3],
			"to": [15.75, 12.75, 13],
			"rotation": {"angle": 0, "axis": "z", "origin": [16, 13, 0]},
			"faces": {
				"north": {"uv": [0, 0, 1, 1], "rotation": 180, "texture": "#missing"},
				"east": {"uv": [3, 15, 13, 16], "rotation": 180, "texture": "#1"},
				"south": {"uv": [0, 0, 1, 1], "rotation": 180, "texture": "#missing"},
				"west": {"uv": [3, 0, 13, 1], "rotation": 180, "texture": "#1"},
				"up": {"uv": [3, 15, 13, 16], "rotation": 270, "texture": "#1"},
				"down": {"uv": [3, 15, 13, 16], "rotation": 90, "texture": "#1"}
			}
		},
		{
			"from": [3, 11.75, 14.75],
			"to": [13, 12.75, 15.75],
			"rotation": {"angle": 0, "axis": "z", "origin": [16, 13, 0]},
			"faces": {
				"north": {"uv": [3, 0, 13, 1], "rotation": 180, "texture": "#1"},
				"east": {"uv": [0, 0, 1, 1], "rotation": 180, "texture": "#missing"},
				"south": {"uv": [3, 15, 13, 16], "rotation": 180, "texture": "#1"},
				"west": {"uv": [0, 0, 1, 1], "rotation": 180, "texture": "#missing"},
				"up": {"uv": [3, 15, 13, 16], "texture": "#1"},
				"down": {"uv": [3, 15, 13, 16], "texture": "#1"}
			}
		},
		{
			"from": [0.25, 11.75, 3],
			"to": [1.25, 12.75, 13],
			"rotation": {"angle": 0, "axis": "z", "origin": [16, 13, 0]},
			"faces": {
				"north": {"uv": [0, 0, 1, 1], "rotation": 180, "texture": "#missing"},
				"east": {"uv": [3, 0, 13, 1], "rotation": 180, "texture": "#1"},
				"south": {"uv": [0, 0, 1, 1], "rotation": 180, "texture": "#missing"},
				"west": {"uv": [3, 15, 13, 16], "rotation": 180, "texture": "#1"},
				"up": {"uv": [3, 15, 13, 16], "rotation": 90, "texture": "#1"},
				"down": {"uv": [3, 15, 13, 16], "rotation": 270, "texture": "#1"}
			}
		},
		{
			"from": [3, 0.25, 0.25],
			"to": [13, 1.25, 1.25],
			"rotation": {"angle": 0, "axis": "y", "origin": [11, 8.25, 7.75]},
			"faces": {
				"north": {"uv": [3, 15, 13, 16], "texture": "#1"},
				"east": {"uv": [0, 0, 1, 1], "texture": "#missing"},
				"south": {"uv": [3, 0, 13, 1], "texture": "#1"},
				"west": {"uv": [0, 0, 1, 1], "texture": "#missing"},
				"up": {"uv": [3, 15, 13, 16], "texture": "#1"},
				"down": {"uv": [3, 15, 13, 16], "texture": "#1"}
			}
		},
		{
			"from": [0.25, 0.25, 3],
			"to": [1.25, 1.25, 13],
			"rotation": {"angle": 0, "axis": "y", "origin": [0, 0, 16]},
			"faces": {
				"north": {"uv": [0, 0, 1, 1], "texture": "#missing"},
				"east": {"uv": [3, 0, 13, 1], "texture": "#1"},
				"south": {"uv": [0, 0, 1, 1], "texture": "#missing"},
				"west": {"uv": [3, 15, 13, 16], "texture": "#1"},
				"up": {"uv": [3, 15, 13, 16], "rotation": 270, "texture": "#1"},
				"down": {"uv": [3, 15, 13, 16], "rotation": 90, "texture": "#1"}
			}
		},
		{
			"from": [3, 0.25, 14.75],
			"to": [13, 1.25, 15.75],
			"rotation": {"angle": 0, "axis": "y", "origin": [16, 0, 16]},
			"faces": {
				"north": {"uv": [3, 0, 13, 1], "texture": "#1"},
				"east": {"uv": [0, 0, 1, 1], "texture": "#missing"},
				"south": {"uv": [3, 15, 13, 16], "texture": "#1"},
				"west": {"uv": [0, 0, 1, 1], "texture": "#missing"},
				"up": {"uv": [3, 15, 13, 16], "rotation": 180, "texture": "#1"},
				"down": {"uv": [3, 15, 13, 16], "rotation": 180, "texture": "#1"}
			}
		},
		{
			"from": [14.75, 0.25, 3],
			"to": [15.75, 1.25, 13],
			"rotation": {"angle": 0, "axis": "y", "origin": [16, 0, 0]},
			"faces": {
				"north": {"uv": [0, 0, 1, 1], "texture": "#missing"},
				"east": {"uv": [3, 15, 13, 16], "texture": "#1"},
				"south": {"uv": [0, 0, 1, 1], "texture": "#missing"},
				"west": {"uv": [3, 0, 13, 1], "texture": "#1"},
				"up": {"uv": [3, 15, 13, 16], "rotation": 90, "texture": "#1"},
				"down": {"uv": [3, 15, 13, 16], "rotation": 270, "texture": "#1"}
			}
		},
		{
			"from": [0.25, 3, 0.25],
			"to": [1.25, 10, 1.25],
			"rotation": {"angle": 0, "axis": "y", "origin": [8.25, 11, 8.25]},
			"faces": {
				"north": {"uv": [15, 6, 16, 13], "texture": "#2"},
				"east": {"uv": [0, 6, 1, 13], "texture": "#2"},
				"south": {"uv": [15, 6, 16, 13], "texture": "#2"},
				"west": {"uv": [0, 6, 1, 13], "texture": "#2"},
				"up": {"uv": [0, 0, 1, 1], "texture": "#missing"},
				"down": {"uv": [0, 0, 1, 1], "texture": "#missing"}
			}
		},
		{
			"from": [0.25, 3, 14.75],
			"to": [1.25, 10, 15.75],
			"rotation": {"angle": 0, "axis": "y", "origin": [0, 0, 16]},
			"faces": {
				"north": {"uv": [0, 6, 1, 13], "texture": "#2"},
				"east": {"uv": [15, 6, 16, 13], "texture": "#2"},
				"south": {"uv": [0, 6, 1, 13], "texture": "#2"},
				"west": {"uv": [15, 6, 16, 13], "texture": "#2"},
				"up": {"uv": [0, 0, 1, 1], "rotation": 270, "texture": "#missing"},
				"down": {"uv": [0, 0, 1, 1], "rotation": 90, "texture": "#missing"}
			}
		},
		{
			"from": [14.75, 3, 14.75],
			"to": [15.75, 10, 15.75],
			"rotation": {"angle": 0, "axis": "y", "origin": [16, 0, 16]},
			"faces": {
				"north": {"uv": [15, 6, 16, 13], "texture": "#2"},
				"east": {"uv": [0, 6, 1, 13], "texture": "#2"},
				"south": {"uv": [15, 6, 16, 13], "texture": "#2"},
				"west": {"uv": [0, 6, 1, 13], "texture": "#2"},
				"up": {"uv": [0, 0, 1, 1], "rotation": 180, "texture": "#missing"},
				"down": {"uv": [0, 0, 1, 1], "rotation": 180, "texture": "#missing"}
			}
		},
		{
			"from": [14.75, 3, 0.25],
			"to": [15.75, 10, 1.25],
			"rotation": {"angle": 0, "axis": "y", "origin": [16, 0, 0]},
			"faces": {
				"north": {"uv": [0, 6, 1, 13], "texture": "#2"},
				"east": {"uv": [15, 6, 16, 13], "texture": "#2"},
				"south": {"uv": [0, 6, 1, 13], "texture": "#2"},
				"west": {"uv": [15, 6, 16, 13], "texture": "#2"},
				"up": {"uv": [0, 0, 1, 1], "rotation": 90, "texture": "#missing"},
				"down": {"uv": [0, 0, 1, 1], "rotation": 270, "texture": "#missing"}
			}
		},
		{
			"from": [5, 7, 0],
			"to": [6, 12.5, 1],
			"rotation": {"angle": 0, "axis": "y", "origin": [13, 20, 8]},
			"faces": {
				"north": {"uv": [10, 3.5, 11, 9], "texture": "#0"},
				"east": {"uv": [5, 3.5, 6, 9], "texture": "#0"},
				"south": {"uv": [0, 0, 1, 6], "texture": "#missing"},
				"west": {"uv": [5, 3.5, 6, 9], "texture": "#0"},
				"up": {"uv": [0, 0, 1, 1], "texture": "#missing"},
				"down": {"uv": [7.5, 10.5, 8.5, 11.5], "texture": "#0"}
			}
		},
		{
			"from": [10, 7, 0],
			"to": [11, 12.5, 1],
			"rotation": {"angle": 0, "axis": "y", "origin": [18, 20, 8]},
			"faces": {
				"north": {"uv": [5, 3.5, 6, 9], "texture": "#0"},
				"east": {"uv": [10, 3.5, 11, 9], "texture": "#0"},
				"south": {"uv": [0, 0, 1, 6], "texture": "#missing"},
				"west": {"uv": [10, 3.5, 11, 9], "texture": "#0"},
				"up": {"uv": [0, 0, 1, 1], "texture": "#missing"},
				"down": {"uv": [7.5, 10.5, 8.5, 11.5], "texture": "#0"}
			}
		},
		{
			"from": [5.5, 6.5, 0],
			"to": [6.5, 7.5, 1],
			"rotation": {"angle": 0, "axis": "y", "origin": [13.5, 14.5, 8]},
			"faces": {
				"north": {"uv": [9.5, 8.5, 10.5, 9.5], "texture": "#0"},
				"east": {"uv": [5, 8, 6, 9], "texture": "#0"},
				"south": {"uv": [0, 0, 1, 1], "texture": "#missing"},
				"west": {"uv": [7.5, 10.5, 8.5, 11.5], "texture": "#0"},
				"up": {"uv": [5, 8, 6, 9], "texture": "#0"},
				"down": {"uv": [7.5, 10.5, 8.5, 11.5], "texture": "#0"}
			}
		},
		{
			"from": [6.5, 5.5, 0],
			"to": [7.5, 6.5, 1],
			"rotation": {"angle": 0, "axis": "y", "origin": [14.5, 13.5, 8]},
			"faces": {
				"north": {"uv": [9.5, 8.5, 10.5, 9.5], "texture": "#0"},
				"east": {"uv": [5, 8, 6, 9], "texture": "#0"},
				"south": {"uv": [0, 0, 1, 1], "texture": "#missing"},
				"west": {"uv": [7.5, 10.5, 8.5, 11.5], "texture": "#0"},
				"up": {"uv": [5, 8, 6, 9], "texture": "#0"},
				"down": {"uv": [7.5, 10.5, 8.5, 11.5], "texture": "#0"}
			}
		},
		{
			"from": [6, 6, 0],
			"to": [7, 7, 1],
			"rotation": {"angle": 0, "axis": "y", "origin": [14, 14, 8]},
			"faces": {
				"north": {"uv": [9.5, 8.5, 10.5, 9.5], "texture": "#0"},
				"east": {"uv": [5, 8, 6, 9], "texture": "#0"},
				"south": {"uv": [0, 0, 1, 1], "texture": "#missing"},
				"west": {"uv": [7.5, 10.5, 8.5, 11.5], "texture": "#0"},
				"up": {"uv": [5, 8, 6, 9], "texture": "#0"},
				"down": {"uv": [7.5, 10.5, 8.5, 11.5], "texture": "#0"}
			}
		},
		{
			"from": [7, 5, 0],
			"to": [8, 6, 1],
			"rotation": {"angle": 0, "axis": "y", "origin": [15, 13, 8]},
			"faces": {
				"north": {"uv": [9.5, 8.5, 10.5, 9.5], "texture": "#0"},
				"east": {"uv": [5, 8, 6, 9], "texture": "#0"},
				"south": {"uv": [0, 0, 1, 1], "texture": "#missing"},
				"west": {"uv": [7.5, 10.5, 8.5, 11.5], "texture": "#0"},
				"up": {"uv": [5, 8, 6, 9], "texture": "#0"},
				"down": {"uv": [7.5, 10.5, 8.5, 11.5], "texture": "#0"}
			}
		},
		{
			"from": [9, 6, 0],
			"to": [10, 7, 1],
			"rotation": {"angle": 0, "axis": "y", "origin": [17, 14, 8]},
			"faces": {
				"north": {"uv": [5.5, 8.5, 6.5, 9.5], "texture": "#0"},
				"east": {"uv": [7.5, 10.5, 8.5, 11.5], "texture": "#0"},
				"south": {"uv": [0, 0, 1, 1], "texture": "#missing"},
				"west": {"uv": [10, 8, 11, 9], "texture": "#0"},
				"up": {"uv": [10, 8, 11, 9], "texture": "#0"},
				"down": {"uv": [7.5, 10.5, 8.5, 11.5], "texture": "#0"}
			}
		},
		{
			"from": [8, 5, 0],
			"to": [9, 6, 1],
			"rotation": {"angle": 0, "axis": "y", "origin": [16, 13, 8]},
			"faces": {
				"north": {"uv": [5.5, 8.5, 6.5, 9.5], "texture": "#0"},
				"east": {"uv": [7.5, 10.5, 8.5, 11.5], "texture": "#0"},
				"south": {"uv": [0, 0, 1, 1], "texture": "#missing"},
				"west": {"uv": [10, 8, 11, 9], "texture": "#0"},
				"up": {"uv": [10, 8, 11, 9], "texture": "#0"},
				"down": {"uv": [7.5, 10.5, 8.5, 11.5], "texture": "#0"}
			}
		},
		{
			"from": [8.5, 5.5, 0],
			"to": [9.5, 6.5, 1],
			"rotation": {"angle": 0, "axis": "y", "origin": [16.5, 13.5, 8]},
			"faces": {
				"north": {"uv": [5.5, 8.5, 6.5, 9.5], "texture": "#0"},
				"east": {"uv": [7.5, 10.5, 8.5, 11.5], "texture": "#0"},
				"south": {"uv": [0, 0, 1, 1], "texture": "#missing"},
				"west": {"uv": [10, 8, 11, 9], "texture": "#0"},
				"up": {"uv": [10, 8, 11, 9], "texture": "#0"},
				"down": {"uv": [7.5, 10.5, 8.5, 11.5], "texture": "#0"}
			}
		},
		{
			"from": [9.5, 6.5, 0],
			"to": [10.5, 7.5, 1],
			"rotation": {"angle": 0, "axis": "y", "origin": [17.5, 14.5, 8]},
			"faces": {
				"north": {"uv": [5.5, 8.5, 6.5, 9.5], "texture": "#0"},
				"east": {"uv": [7.5, 10.5, 8.5, 11.5], "texture": "#0"},
				"south": {"uv": [0, 0, 1, 1], "texture": "#missing"},
				"west": {"uv": [10, 8, 11, 9], "texture": "#0"},
				"up": {"uv": [10, 8, 11, 9], "texture": "#0"},
				"down": {"uv": [7.5, 10.5, 8.5, 11.5], "texture": "#0"}
			}
		},
		{
			"from": [7.5, 4.5, 0],
			"to": [8.5, 5.5, 1],
			"rotation": {"angle": 0, "axis": "y", "origin": [15.5, 12.5, 8]},
			"faces": {
				"north": {"uv": [7.5, 10.5, 8.5, 11.5], "texture": "#0"},
				"east": {"uv": [7.5, 10.5, 8.5, 11.5], "texture": "#0"},
				"south": {"uv": [0, 0, 1, 1], "texture": "#missing"},
				"west": {"uv": [7.5, 10.5, 8.5, 11.5], "texture": "#0"},
				"up": {"uv": [7.5, 10.5, 8.5, 11.5], "texture": "#0"},
				"down": {"uv": [7.5, 10.5, 8.5, 11.5], "texture": "#0"}
			}
		},
		{
			"from": [5, 12, 0],
			"to": [11, 13, 1],
			"rotation": {"angle": 0, "axis": "y", "origin": [13, 20, 8]},
			"faces": {
				"north": {"uv": [5, 3, 11, 4], "texture": "#0"},
				"east": {"uv": [7.5, 10.5, 8.5, 11.5], "texture": "#0"},
				"south": {"uv": [5, 0, 11, 1], "rotation": 180, "texture": "#3"},
				"west": {"uv": [7.5, 10.5, 8.5, 11.5], "texture": "#0"},
				"up": {"uv": [5, 0, 11, 1], "texture": "#3"},
				"down": {"uv": [5, 0, 11, 1], "rotation": 180, "texture": "#3"}
			}
		},
		{
			"from": [6, 11.5, 0],
			"to": [6.5, 12, 1],
			"rotation": {"angle": 0, "axis": "y", "origin": [14, 19, 8]},
			"faces": {
				"north": {"uv": [9.5, 4, 10, 4.5], "texture": "#0"},
				"east": {"uv": [5, 4.5, 6, 5], "texture": "#0"},
				"south": {"uv": [0, 0, 0.5, 0.5], "texture": "#missing"},
				"west": {"uv": [0, 0, 1, 0.5], "texture": "#missing"},
				"up": {"uv": [0, 0, 0.5, 1], "texture": "#missing"},
				"down": {"uv": [8, 3, 8.5, 4], "texture": "#0"}
			}
		},
		{
			"from": [9.5, 11.5, 0],
			"to": [10, 12, 1],
			"rotation": {"angle": 0, "axis": "y", "origin": [17.5, 19, 8]},
			"faces": {
				"north": {"uv": [6, 4, 6.5, 4.5], "texture": "#0"},
				"east": {"uv": [0, 0, 1, 0.5], "texture": "#missing"},
				"south": {"uv": [0, 0, 0.5, 0.5], "texture": "#missing"},
				"west": {"uv": [10, 4.5, 11, 5], "texture": "#0"},
				"up": {"uv": [0, 0, 0.5, 1], "texture": "#missing"},
				"down": {"uv": [7.5, 3, 8, 4], "texture": "#0"}
			}
		},
		{
			"from": [7.5, 6.5, 0.25],
			"to": [8.5, 7.5, 1],
			"rotation": {"angle": 0, "axis": "y", "origin": [15.5, 14.5, 8]},
			"faces": {
				"north": {"uv": [7.5, 8.5, 8.5, 9.5], "texture": "#0"},
				"east": {"uv": [7.5, 8.5, 8.5, 9.5], "texture": "#0"},
				"south": {"uv": [0, 0, 1, 1], "texture": "#missing"},
				"west": {"uv": [7.5, 8.5, 8.5, 9.5], "texture": "#0"},
				"up": {"uv": [7.5, 4.5, 8.5, 5.5], "texture": "#0"},
				"down": {"uv": [7.5, 8.5, 8.5, 9], "texture": "#0"}
			}
		},
		{
			"from": [7.5, 10.5, 0.25],
			"to": [8.5, 12, 1],
			"rotation": {"angle": 0, "axis": "y", "origin": [15.5, 18.5, 8]},
			"faces": {
				"north": {"uv": [7.5, 4, 8.5, 5.5], "texture": "#0"},
				"east": {"uv": [0, 0, 0.75, 1.5], "texture": "#missing"},
				"south": {"uv": [0, 0, 1, 1.5], "texture": "#missing"},
				"west": {"uv": [0, 0, 0.75, 1.5], "texture": "#missing"},
				"up": {"uv": [0, 0, 1, 0.75], "texture": "#missing"},
				"down": {"uv": [7.5, 4.5, 8.5, 5.5], "texture": "#0"}
			}
		},
		{
			"from": [8.5, 10, 0.25],
			"to": [9, 12, 1],
			"rotation": {"angle": 0, "axis": "y", "origin": [16.5, 18.5, 8]},
			"faces": {
				"north": {"uv": [7, 4, 7.5, 6], "texture": "#0"},
				"east": {"uv": [7, 4, 8, 5.5], "texture": "#0"},
				"south": {"uv": [0, 0, 0.5, 2], "texture": "#missing"},
				"west": {"uv": [7, 4, 8, 5.5], "texture": "#0"},
				"up": {"uv": [0, 0, 0.5, 0.75], "texture": "#missing"},
				"down": {"uv": [7, 5, 7.5, 6], "texture": "#0"}
			}
		},
		{
			"from": [9, 7.5, 0.25],
			"to": [9.5, 11.5, 1],
			"rotation": {"angle": 0, "axis": "y", "origin": [17, 18, 8]},
			"faces": {
				"north": {"uv": [6.5, 4.5, 7, 8.5], "texture": "#0"},
				"east": {"uv": [6.5, 4.5, 7, 8.5], "texture": "#0"},
				"south": {"uv": [0, 0, 0.5, 4], "texture": "#missing"},
				"west": {"uv": [6.5, 4.5, 7, 8.5], "texture": "#0"},
				"up": {"uv": [7, 4, 7.5, 5], "texture": "#0"},
				"down": {"uv": [6.5, 7.5, 7, 8.5], "texture": "#0"}
			}
		},
		{
			"from": [6.5, 7.5, 0.25],
			"to": [7, 11.5, 1],
			"rotation": {"angle": 0, "axis": "y", "origin": [14.5, 18, 8]},
			"faces": {
				"north": {"uv": [9, 4.5, 9.5, 8.5], "texture": "#0"},
				"east": {"uv": [9, 4.5, 9.5, 8.5], "texture": "#0"},
				"south": {"uv": [0, 0, 0.5, 4], "texture": "#missing"},
				"west": {"uv": [9, 4.5, 9.5, 8.5], "texture": "#0"},
				"up": {"uv": [8.5, 4, 9, 5], "texture": "#0"},
				"down": {"uv": [9, 7.5, 9.5, 8.5], "texture": "#0"}
			}
		},
		{
			"from": [7, 10, 0.25],
			"to": [7.5, 12, 1],
			"rotation": {"angle": 0, "axis": "y", "origin": [15, 18.5, 8]},
			"faces": {
				"north": {"uv": [8.5, 4, 9, 6], "texture": "#0"},
				"east": {"uv": [8, 4, 9, 5.5], "texture": "#0"},
				"south": {"uv": [0, 0, 0.5, 2], "texture": "#missing"},
				"west": {"uv": [8, 4, 9, 5.5], "texture": "#0"},
				"up": {"uv": [0, 0, 0.5, 0.75], "texture": "#missing"},
				"down": {"uv": [8.5, 5, 9, 6], "texture": "#0"}
			}
		},
		{
			"from": [7, 7, 0.25],
			"to": [7.5, 8.5, 1],
			"rotation": {"angle": 0, "axis": "y", "origin": [15, 15.5, 8]},
			"faces": {
				"north": {"uv": [8.5, 7.5, 9, 9], "texture": "#0"},
				"east": {"uv": [8, 4, 9, 5.5], "texture": "#0"},
				"south": {"uv": [0, 0, 0.5, 1.5], "texture": "#missing"},
				"west": {"uv": [8, 4, 9, 5.5], "texture": "#0"},
				"up": {"uv": [8.5, 7.5, 9, 8.5], "texture": "#0"},
				"down": {"uv": [8.5, 7.5, 9, 8.5], "texture": "#0"}
			}
		},
		{
			"from": [8.5, 7, 0.25],
			"to": [9, 8.5, 1],
			"rotation": {"angle": 0, "axis": "y", "origin": [16.5, 15.5, 8]},
			"faces": {
				"north": {"uv": [7, 7.5, 7.5, 9], "texture": "#0"},
				"east": {"uv": [7, 4, 8, 5.5], "texture": "#0"},
				"south": {"uv": [0, 0, 0.5, 1.5], "texture": "#missing"},
				"west": {"uv": [7, 4, 8, 5.5], "texture": "#0"},
				"up": {"uv": [7, 7.5, 7.5, 8.5], "texture": "#0"},
				"down": {"uv": [7, 7.5, 7.5, 8.5], "texture": "#0"}
			}
		},
		{
			"from": [7, 7.5, 0.75],
			"to": [9, 10.5, 1],
			"rotation": {"angle": 0, "axis": "y", "origin": [16, 17.5, 8]},
			"faces": {
				"north": {"uv": [7, 5.5, 9, 8.5], "texture": "#0"},
				"east": {"uv": [0, 0, 0.25, 3], "texture": "#missing"},
				"south": {"uv": [0, 0, 2, 3], "texture": "#missing"},
				"west": {"uv": [0, 0, 0.25, 3], "texture": "#missing"},
				"up": {"uv": [0, 0, 2, 0.25], "texture": "#missing"},
				"down": {"uv": [0, 0, 2, 0.25], "texture": "#missing"}
			}
		},
		{
			"from": [1, 1, 0.5],
			"to": [7, 12, 1],
			"rotation": {"angle": 0, "axis": "y", "origin": [9, 9, 8.5]},
			"faces": {
				"north": {"uv": [9, 4, 15, 15], "texture": "#0"},
				"east": {"uv": [9, 4, 9.5, 15], "texture": "#0"},
				"south": {"uv": [0, 0, 6, 11], "texture": "#missing"},
				"west": {"uv": [0, 0, 0.5, 11], "texture": "#missing"},
				"up": {"uv": [0, 0, 6, 0.5], "texture": "#missing"},
				"down": {"uv": [0, 0, 6, 0.5], "texture": "#missing"}
			}
		},
		{
			"from": [9, 1, 0.5],
			"to": [15, 12, 1],
			"rotation": {"angle": 0, "axis": "y", "origin": [17, 9, 8.5]},
			"faces": {
				"north": {"uv": [1, 4, 7, 15], "texture": "#0"},
				"east": {"uv": [0, 0, 0.5, 11], "texture": "#missing"},
				"south": {"uv": [0, 0, 6, 11], "texture": "#missing"},
				"west": {"uv": [6.5, 4, 7, 15], "texture": "#0"},
				"up": {"uv": [0, 0, 6, 0.5], "texture": "#missing"},
				"down": {"uv": [0, 0, 6, 0.5], "texture": "#missing"}
			}
		},
		{
			"from": [7, 1, 0.5],
			"to": [9, 7, 1],
			"rotation": {"angle": 0, "axis": "y", "origin": [15, 9, 8.5]},
			"faces": {
				"north": {"uv": [7, 9, 9, 15], "texture": "#0"},
				"east": {"uv": [0, 0, 0.5, 11], "texture": "#missing"},
				"south": {"uv": [0, 0, 6, 11], "texture": "#missing"},
				"west": {"uv": [6.5, 4, 7, 15], "texture": "#0"},
				"up": {"uv": [0, 0, 6, 0.5], "texture": "#missing"},
				"down": {"uv": [0, 0, 6, 0.5], "texture": "#missing"}
			}
		},
		{
			"from": [0.5, 0.5, 1],
			"to": [15.5, 12.5, 15.5],
			"rotation": {"angle": 0, "axis": "y", "origin": [8, 9, 9]},
			"faces": {
				"north": {"uv": [0, 0, 15, 12], "texture": "#missing"},
				"east": {"uv": [0.5, 3.5, 15, 15.5], "texture": "#2"},
				"south": {"uv": [0.5, 3.5, 15.5, 15.5], "texture": "#2"},
				"west": {"uv": [1, 3.5, 15.5, 15.5], "texture": "#2"},
				"up": {"uv": [0.5, 1, 15.5, 15.5], "texture": "#3"},
				"down": {"uv": [0.5, 0.5, 15.5, 15], "texture": "#1"}
			}
		},
		{
			"from": [0, 0, 0],
			"to": [16, 0, 16],
			"faces": {
				"north": {"uv": [0, 0, 16, 0], "texture": "#missing"},
				"east": {"uv": [0, 0, 16, 0], "texture": "#missing"},
				"south": {"uv": [0, 0, 16, 0], "texture": "#missing"},
				"west": {"uv": [0, 0, 16, 0], "texture": "#missing"},
				"up": {"uv": [0, 0, 16, 16], "texture": "#4"}
			}
		}
	],
	"display": {
		"thirdperson_righthand": {
			"rotation": [75, 45, 0],
			"translation": [0, 2.5, 0],
			"scale": [0.375, 0.375, 0.375]
		},
		"firstperson_righthand": {
			"rotation": [0, 45, 0],
			"scale": [0.4, 0.4, 0.4]
		},
		"firstperson_lefthand": {
			"rotation": [0, 225, 0],
			"scale": [0.4, 0.4, 0.4]
		},
		"ground": {
			"translation": [0, 3, 0],
			"scale": [0.25, 0.25, 0.25]
		},
		"gui": {
			"rotation": [30, 225, 0],
			"scale": [0.625, 0.625, 0.625]
		},
		"fixed": {
			"scale": [0.5, 0.5, 0.5]
		}
	},
	"groups": [
		{
			"name": "Coins Haut",
			"origin": [8, 8, 8],
			"children": [
				{
					"name": "Coin",
					"origin": [9, 9.5, 8],
					"children": [0, 1, 2, 3]
				},
				{
					"name": "Coin",
					"origin": [9, 9.5, 8],
					"children": [4, 5, 6, 7]
				},
				{
					"name": "Coin",
					"origin": [9, 9.5, 8],
					"children": [8, 9, 10, 11]
				},
				{
					"name": "Coin",
					"origin": [9, 9.5, 8],
					"children": [12, 13, 14, 15]
				}
			]
		},
		{
			"name": "Coins Bas",
			"origin": [8, 8, 8],
			"children": [
				{
					"name": "Coin",
					"origin": [9, 9.5, 8],
					"children": [16, 17, 18, 19]
				},
				{
					"name": "Coin",
					"origin": [9, 9.5, 8],
					"children": [20, 21, 22, 23]
				},
				{
					"name": "Coin",
					"origin": [9, 9.5, 8],
					"children": [24, 25, 26, 27]
				},
				{
					"name": "Coin",
					"origin": [9, 9.5, 8],
					"children": [28, 29, 30, 31]
				}
			]
		},
		{
			"name": "Arêtes",
			"origin": [8, 8, 8],
			"children": [
				{
					"name": "Arêtes Haut",
					"origin": [8, 8, 8],
					"children": [32, 33, 34, 35, 36, 37]
				},
				{
					"name": "Arêtes Bas",
					"origin": [8, 8, 8],
					"children": [38, 39, 40, 41]
				}, 42, 43, 44, 45]
		},
		{
			"name": "Fioriture Avant",
			"origin": [8, 8, 8],
			"children": [46, 47, 48, 49, 50, 51, 52, 53, 54, 55, 56, 57, 58, 59]
		},
		{
			"name": "Serrure",
			"origin": [8, 8, 8],
			"children": [60, 61, 62, 63, 64, 65, 66, 67, 68]
		}, 69, 70, 71, 72, 73]
}

//Textured by Ichabodt